Title,Description,Priority,Labels,Assignee,Sprint,Epic,Type,DueDate
ONB-001 Onboarding form (statut/niveau/EDS/options/LV),Créer le formulaire d'onboarding + POST /onboarding/bilan (validation + persistance profil).,Medium,,,S1,ONB-01,Story,
ONB-002 Seed DB profils de test,Scripts alembic/seed pour 1 élève 1re scolarisé + 1 élève Tle individuel.,Medium,,,S1,ONB-01,Task,
ONB-003 Plan 7 jours (v0),Curriculum-Planner génère un plan de 7 jours basé profil + échéances.,Medium,,,S1,ONB-01,Story,
ONB-004 UI candidat individuel,Masquer pratiques non prévues + remplace CC par évaluations ponctuelles.,Medium,,,S1,ONB-01,Story,
CUR-101 Calendrier des épreuves personnalisé,"GET /parcours/epreuves retourne type, coef, nature, date selon profil.",Medium,,,S2,CUR-01,Story,
CUR-102 RAG minimal (ingestion + search),"Pipeline d’ingestion, indexation (pgvector), recherche /rag/search avec citations.",Medium,,,S2,CUR-01,Story,
CUR-103 Plan 14 jours pondéré,Pondérer coef × proximite_echeance × fragilites; tests unitaires.,Medium,,,S2,CUR-01,Story,
ORI-201 Parcoursup checklist + notifications,"Jalons (ouverture, voeux, dossier, phase principale, complémentaire) + reminders.",Medium,,,S3,ORI-01,Story,
ORA-251 Grand Oral coach v1,Timer 5/20 min + grille critériée + export PDF.,Medium,,,S3,ORA-01,Story,
EVA-301 OCR-Grader v1,Upload PDF → OCR → application de rubric JSON → score + feedback.,Medium,,,S4,EVA-01,Story,
SESS-351 Réservations visio/présentiel,POST /sessions/book + quotas freemium/premium (entitlements).,Medium,,,S4,SESS-01,Story,
PAR-401 Rapport Parent mensuel,Agrégation KPI + HTML + PDF + envoi email.,Medium,,,S4,PAR-01,Story,
QA-001 Playwright E2E (onboarding → plan),Scénario E2E complet + artefacts vidéo/trace dans GHA.,Medium,,,S1,QA,Task,
CI-001 GitHub Actions CI,Lint + unit + build; PR gated sur main.,Medium,,,S1,CI,Task,
CI-002 GitHub Actions E2E,Spin stack + run Playwright; upload artefacts.,Medium,,,S2,CI,Task,
SEC-001 RBAC & middleware d'accès,Implémenter RBAC (élève/parent/coach/admin) sur endpoints sensibles.,Medium,,,S2,SEC,Task,
RGPD-001 Consentements & DSR,Stockage consentements; endpoints export/effacement; logs d'audit.,Medium,,,S3,RGPD,Task,
PAR-101 Dashboard Parent,Vue synthétique progression/assiduité/échéances + dernières corrections.,Medium,,,S3,PAR-01,Story,
COA-101 Espace Coach,"Affectation élèves, saisie rapports, annotations copies.",Medium,,,S4,COA-01,Story,
ADM-101 Admin pricing & contenus,Gestion plans (free/essentiel/premium/pro) + catalogue ressources.,Medium,,,S4,ADM-01,Story,
