ROUTE,METHOD,PUBLIC_OR_PRIVATE,ROLE,AUTH_SOURCE,MIDDLEWARE,API_GUARD,CSRF,RATE_LIMIT,IDOR_SCOPE,TOKEN_TYPE,COOKIE_POLICY,SESSION_REVOCATION,TESTS
/api/admin/activities,GET,PRIVATE_GUARD_PATTERN_FOUND,ADMIN,requireRole,API_EXCLUDED_BY_MATCHER,GUARD_PATTERN_FOUND,NONE_FOUND,NONE_FOUND,NOT_APPLICABLE_OR_REVIEW_REQUIRED,NONE,NOT_APPLICABLE,NONE_GLOBAL,STATIC_INVENTORY_TEST_MAPPING_REQUIRED
/api/admin/analytics,GET,PRIVATE_GUARD_PATTERN_FOUND,ADMIN,requireRole,API_EXCLUDED_BY_MATCHER,GUARD_PATTERN_FOUND,NONE_FOUND,NONE_FOUND,NOT_APPLICABLE_OR_REVIEW_REQUIRED,NONE,NOT_APPLICABLE,NONE_GLOBAL,STATIC_INVENTORY_TEST_MAPPING_REQUIRED
/api/admin/config/history,GET,PRIVATE_GUARD_PATTERN_FOUND,ADMIN,requireRole,API_EXCLUDED_BY_MATCHER,GUARD_PATTERN_FOUND,NONE_FOUND,NONE_FOUND,NOT_APPLICABLE_OR_REVIEW_REQUIRED,NONE,NOT_APPLICABLE,NONE_GLOBAL,STATIC_INVENTORY_TEST_MAPPING_REQUIRED
/api/admin/config/rollback,POST,PRIVATE_GUARD_PATTERN_FOUND,ADMIN,requireRole,API_EXCLUDED_BY_MATCHER,GUARD_PATTERN_FOUND,NONE_FOUND,NONE_FOUND,NOT_APPLICABLE_OR_REVIEW_REQUIRED,NONE,NOT_APPLICABLE,NONE_GLOBAL,STATIC_INVENTORY_TEST_MAPPING_REQUIRED
/api/admin/config,GET,PRIVATE_GUARD_PATTERN_FOUND,ADMIN|ASSISTANTE,requireRole|requireAnyRole,API_EXCLUDED_BY_MATCHER,GUARD_PATTERN_FOUND,NONE_FOUND,NONE_FOUND,NOT_APPLICABLE_OR_REVIEW_REQUIRED,NONE,NOT_APPLICABLE,NONE_GLOBAL,STATIC_INVENTORY_TEST_MAPPING_REQUIRED
/api/admin/config,PATCH,PRIVATE_GUARD_PATTERN_FOUND,ADMIN|ASSISTANTE,requireRole|requireAnyRole,API_EXCLUDED_BY_MATCHER,GUARD_PATTERN_FOUND,NONE_FOUND,NONE_FOUND,NOT_APPLICABLE_OR_REVIEW_REQUIRED,NONE,NOT_APPLICABLE,NONE_GLOBAL,STATIC_INVENTORY_TEST_MAPPING_REQUIRED
/api/admin/dashboard,GET,PRIVATE_GUARD_PATTERN_FOUND,ADMIN,requireRole,API_EXCLUDED_BY_MATCHER,GUARD_PATTERN_FOUND,NONE_FOUND,NONE_FOUND,NOT_APPLICABLE_OR_REVIEW_REQUIRED,NONE,NOT_APPLICABLE,NONE_GLOBAL,STATIC_INVENTORY_TEST_MAPPING_REQUIRED
/api/admin/directeur/stats,GET,PRIVATE_GUARD_PATTERN_FOUND,ADMIN,requireRole,API_EXCLUDED_BY_MATCHER,GUARD_PATTERN_FOUND,NONE_FOUND,CHECK_FOUND,NOT_APPLICABLE_OR_REVIEW_REQUIRED,NONE,NOT_APPLICABLE,NONE_GLOBAL,STATIC_INVENTORY_TEST_MAPPING_REQUIRED
/api/admin/documents,POST,PRIVATE_GUARD_PATTERN_FOUND,ADMIN|ASSISTANTE,requireAnyRole,API_EXCLUDED_BY_MATCHER,GUARD_PATTERN_FOUND,NONE_FOUND,NONE_FOUND,NOT_APPLICABLE_OR_REVIEW_REQUIRED,NONE,NOT_APPLICABLE,NONE_GLOBAL,STATIC_INVENTORY_TEST_MAPPING_REQUIRED
/api/admin/invoices/[id],PATCH,PRIVATE_GUARD_PATTERN_FOUND,AUTHENTICATED_ROLE_CHECK_REVIEW,auth(),API_EXCLUDED_BY_MATCHER,GUARD_PATTERN_FOUND,NONE_FOUND,NONE_FOUND,RESOURCE_SCOPE_PATTERN_FOUND_REVIEW_REQUIRED,ACTIVATION|TOKEN_OTHER_OR_GENERIC,NOT_APPLICABLE,NONE_GLOBAL,STATIC_INVENTORY_TEST_MAPPING_REQUIRED
/api/admin/invoices/[id]/send,POST,PRIVATE_GUARD_PATTERN_FOUND,AUTHENTICATED_ROLE_CHECK_REVIEW,auth(),API_EXCLUDED_BY_MATCHER,GUARD_PATTERN_FOUND,NONE_FOUND,NONE_FOUND,RESOURCE_SCOPE_PATTERN_FOUND_REVIEW_REQUIRED,TOKEN_OTHER_OR_GENERIC,NOT_APPLICABLE,NONE_GLOBAL,STATIC_INVENTORY_TEST_MAPPING_REQUIRED
/api/admin/invoices,POST,PRIVATE_GUARD_PATTERN_FOUND,ADMIN|ASSISTANTE,auth(),API_EXCLUDED_BY_MATCHER,GUARD_PATTERN_FOUND,NONE_FOUND,NONE_FOUND,NOT_APPLICABLE_OR_REVIEW_REQUIRED,NONE,NOT_APPLICABLE,NONE_GLOBAL,STATIC_INVENTORY_TEST_MAPPING_REQUIRED
/api/admin/invoices,GET,PRIVATE_GUARD_PATTERN_FOUND,ADMIN|ASSISTANTE,auth(),API_EXCLUDED_BY_MATCHER,GUARD_PATTERN_FOUND,NONE_FOUND,NONE_FOUND,NOT_APPLICABLE_OR_REVIEW_REQUIRED,NONE,NOT_APPLICABLE,NONE_GLOBAL,STATIC_INVENTORY_TEST_MAPPING_REQUIRED
/api/admin/recompute-ssn,POST,PRIVATE_GUARD_PATTERN_FOUND,ADMIN,requireRole,API_EXCLUDED_BY_MATCHER,GUARD_PATTERN_FOUND,NONE_FOUND,CHECK_FOUND,NOT_APPLICABLE_OR_REVIEW_REQUIRED,NONE,NOT_APPLICABLE,NONE_GLOBAL,STATIC_INVENTORY_TEST_MAPPING_REQUIRED
/api/admin/stages/[stageId]/coaches,GET,PRIVATE_GUARD_PATTERN_FOUND,ADMIN,requireRole,API_EXCLUDED_BY_MATCHER,GUARD_PATTERN_FOUND,NONE_FOUND,NONE_FOUND,DYNAMIC_RESOURCE_SCOPE_NOT_PROVEN,NONE,NOT_APPLICABLE,NONE_GLOBAL,STATIC_INVENTORY_TEST_MAPPING_REQUIRED
/api/admin/stages/[stageId]/coaches,POST,PRIVATE_GUARD_PATTERN_FOUND,ADMIN,requireRole,API_EXCLUDED_BY_MATCHER,GUARD_PATTERN_FOUND,NONE_FOUND,NONE_FOUND,DYNAMIC_RESOURCE_SCOPE_NOT_PROVEN,NONE,NOT_APPLICABLE,NONE_GLOBAL,STATIC_INVENTORY_TEST_MAPPING_REQUIRED
/api/admin/stages/[stageId]/coaches,DELETE,PRIVATE_GUARD_PATTERN_FOUND,ADMIN,requireRole,API_EXCLUDED_BY_MATCHER,GUARD_PATTERN_FOUND,NONE_FOUND,NONE_FOUND,DYNAMIC_RESOURCE_SCOPE_NOT_PROVEN,NONE,NOT_APPLICABLE,NONE_GLOBAL,STATIC_INVENTORY_TEST_MAPPING_REQUIRED
/api/admin/stages/[stageId],GET,PRIVATE_GUARD_PATTERN_FOUND,ADMIN,requireRole,API_EXCLUDED_BY_MATCHER,GUARD_PATTERN_FOUND,NONE_FOUND,NONE_FOUND,DYNAMIC_RESOURCE_SCOPE_NOT_PROVEN,NONE,NOT_APPLICABLE,NONE_GLOBAL,STATIC_INVENTORY_TEST_MAPPING_REQUIRED
/api/admin/stages/[stageId],PATCH,PRIVATE_GUARD_PATTERN_FOUND,ADMIN,requireRole,API_EXCLUDED_BY_MATCHER,GUARD_PATTERN_FOUND,NONE_FOUND,NONE_FOUND,DYNAMIC_RESOURCE_SCOPE_NOT_PROVEN,NONE,NOT_APPLICABLE,NONE_GLOBAL,STATIC_INVENTORY_TEST_MAPPING_REQUIRED
/api/admin/stages/[stageId],DELETE,PRIVATE_GUARD_PATTERN_FOUND,ADMIN,requireRole,API_EXCLUDED_BY_MATCHER,GUARD_PATTERN_FOUND,NONE_FOUND,NONE_FOUND,DYNAMIC_RESOURCE_SCOPE_NOT_PROVEN,NONE,NOT_APPLICABLE,NONE_GLOBAL,STATIC_INVENTORY_TEST_MAPPING_REQUIRED
/api/admin/stages/[stageId]/sessions/[sessionId],PATCH,PRIVATE_GUARD_PATTERN_FOUND,ADMIN|ASSISTANTE,requireAnyRole,API_EXCLUDED_BY_MATCHER,GUARD_PATTERN_FOUND,NONE_FOUND,NONE_FOUND,DYNAMIC_RESOURCE_SCOPE_NOT_PROVEN,NONE,NOT_APPLICABLE,NONE_GLOBAL,STATIC_INVENTORY_TEST_MAPPING_REQUIRED
/api/admin/stages/[stageId]/sessions/[sessionId],DELETE,PRIVATE_GUARD_PATTERN_FOUND,ADMIN|ASSISTANTE,requireAnyRole,API_EXCLUDED_BY_MATCHER,GUARD_PATTERN_FOUND,NONE_FOUND,NONE_FOUND,DYNAMIC_RESOURCE_SCOPE_NOT_PROVEN,NONE,NOT_APPLICABLE,NONE_GLOBAL,STATIC_INVENTORY_TEST_MAPPING_REQUIRED
/api/admin/stages/[stageId]/sessions,GET,PRIVATE_GUARD_PATTERN_FOUND,ADMIN|ASSISTANTE,requireAnyRole,API_EXCLUDED_BY_MATCHER,GUARD_PATTERN_FOUND,NONE_FOUND,NONE_FOUND,DYNAMIC_RESOURCE_SCOPE_NOT_PROVEN,NONE,NOT_APPLICABLE,NONE_GLOBAL,STATIC_INVENTORY_TEST_MAPPING_REQUIRED
/api/admin/stages/[stageId]/sessions,POST,PRIVATE_GUARD_PATTERN_FOUND,ADMIN|ASSISTANTE,requireAnyRole,API_EXCLUDED_BY_MATCHER,GUARD_PATTERN_FOUND,NONE_FOUND,NONE_FOUND,DYNAMIC_RESOURCE_SCOPE_NOT_PROVEN,NONE,NOT_APPLICABLE,NONE_GLOBAL,STATIC_INVENTORY_TEST_MAPPING_REQUIRED
/api/admin/stages,GET,PRIVATE_GUARD_PATTERN_FOUND,ADMIN|ASSISTANTE,requireRole|requireAnyRole,API_EXCLUDED_BY_MATCHER,GUARD_PATTERN_FOUND,NONE_FOUND,NONE_FOUND,NOT_APPLICABLE_OR_REVIEW_REQUIRED,NONE,NOT_APPLICABLE,NONE_GLOBAL,STATIC_INVENTORY_TEST_MAPPING_REQUIRED
/api/admin/stages,POST,PRIVATE_GUARD_PATTERN_FOUND,ADMIN|ASSISTANTE,requireRole|requireAnyRole,API_EXCLUDED_BY_MATCHER,GUARD_PATTERN_FOUND,NONE_FOUND,NONE_FOUND,NOT_APPLICABLE_OR_REVIEW_REQUIRED,NONE,NOT_APPLICABLE,NONE_GLOBAL,STATIC_INVENTORY_TEST_MAPPING_REQUIRED
/api/admin/subscriptions,GET,PRIVATE_GUARD_PATTERN_FOUND,ADMIN,requireRole,API_EXCLUDED_BY_MATCHER,GUARD_PATTERN_FOUND,NONE_FOUND,NONE_FOUND,NOT_APPLICABLE_OR_REVIEW_REQUIRED,NONE,NOT_APPLICABLE,NONE_GLOBAL,STATIC_INVENTORY_TEST_MAPPING_REQUIRED
/api/admin/subscriptions,PUT,PRIVATE_GUARD_PATTERN_FOUND,ADMIN,requireRole,API_EXCLUDED_BY_MATCHER,GUARD_PATTERN_FOUND,NONE_FOUND,NONE_FOUND,NOT_APPLICABLE_OR_REVIEW_REQUIRED,NONE,NOT_APPLICABLE,NONE_GLOBAL,STATIC_INVENTORY_TEST_MAPPING_REQUIRED
/api/admin/test-email,POST,PRIVATE_GUARD_PATTERN_FOUND,AUTHENTICATED_ROLE_CHECK_REVIEW,auth(),API_EXCLUDED_BY_MATCHER,GUARD_PATTERN_FOUND,NONE_FOUND,NONE_FOUND,NOT_APPLICABLE_OR_REVIEW_REQUIRED,NONE,NOT_APPLICABLE,NONE_GLOBAL,STATIC_INVENTORY_TEST_MAPPING_REQUIRED
/api/admin/test-email,GET,PRIVATE_GUARD_PATTERN_FOUND,AUTHENTICATED_ROLE_CHECK_REVIEW,auth(),API_EXCLUDED_BY_MATCHER,GUARD_PATTERN_FOUND,NONE_FOUND,NONE_FOUND,NOT_APPLICABLE_OR_REVIEW_REQUIRED,NONE,NOT_APPLICABLE,NONE_GLOBAL,STATIC_INVENTORY_TEST_MAPPING_REQUIRED
/api/admin/users,GET,PRIVATE_GUARD_PATTERN_FOUND,ADMIN|ELEVE,requireRole,API_EXCLUDED_BY_MATCHER,GUARD_PATTERN_FOUND,NONE_FOUND,CHECK_FOUND,NOT_APPLICABLE_OR_REVIEW_REQUIRED,ACTIVATION,NOT_APPLICABLE,NONE_GLOBAL,STATIC_INVENTORY_TEST_MAPPING_REQUIRED
/api/admin/users,POST,PRIVATE_GUARD_PATTERN_FOUND,ADMIN|ELEVE,requireRole,API_EXCLUDED_BY_MATCHER,GUARD_PATTERN_FOUND,NONE_FOUND,CHECK_FOUND,NOT_APPLICABLE_OR_REVIEW_REQUIRED,ACTIVATION,NOT_APPLICABLE,NONE_GLOBAL,STATIC_INVENTORY_TEST_MAPPING_REQUIRED
/api/admin/users,PATCH,PRIVATE_GUARD_PATTERN_FOUND,ADMIN|ELEVE,requireRole,API_EXCLUDED_BY_MATCHER,GUARD_PATTERN_FOUND,NONE_FOUND,CHECK_FOUND,NOT_APPLICABLE_OR_REVIEW_REQUIRED,ACTIVATION,NOT_APPLICABLE,NONE_GLOBAL,STATIC_INVENTORY_TEST_MAPPING_REQUIRED
/api/admin/users,DELETE,PRIVATE_GUARD_PATTERN_FOUND,ADMIN|ELEVE,requireRole,API_EXCLUDED_BY_MATCHER,GUARD_PATTERN_FOUND,NONE_FOUND,CHECK_FOUND,NOT_APPLICABLE_OR_REVIEW_REQUIRED,ACTIVATION,NOT_APPLICABLE,NONE_GLOBAL,STATIC_INVENTORY_TEST_MAPPING_REQUIRED
/api/admin/users/search,GET,PRIVATE_GUARD_PATTERN_FOUND,ADMIN|ELEVE|PARENT,requireAnyRole,API_EXCLUDED_BY_MATCHER,GUARD_PATTERN_FOUND,NONE_FOUND,NONE_FOUND,NOT_APPLICABLE_OR_REVIEW_REQUIRED,NONE,NOT_APPLICABLE,NONE_GLOBAL,STATIC_INVENTORY_TEST_MAPPING_REQUIRED
/api/analytics/event,POST,PUBLIC_OR_UNGUARDED_REVIEW_REQUIRED,NONE_EXPLICIT,NONE_FOUND,API_EXCLUDED_BY_MATCHER,NONE_FOUND,NONE_FOUND,NONE_FOUND,NOT_APPLICABLE_OR_REVIEW_REQUIRED,NONE,NOT_APPLICABLE,NONE_GLOBAL,STATIC_INVENTORY_TEST_MAPPING_REQUIRED
/api/aria/chat,POST,PRIVATE_GUARD_PATTERN_FOUND,AUTHENTICATED_ROLE_CHECK_REVIEW,auth(),API_EXCLUDED_BY_MATCHER,GUARD_PATTERN_FOUND,NONE_FOUND,NONE_FOUND,NOT_APPLICABLE_OR_REVIEW_REQUIRED,NONE,NOT_APPLICABLE,NONE_GLOBAL,STATIC_INVENTORY_TEST_MAPPING_REQUIRED
/api/aria/conversations,GET,PRIVATE_GUARD_PATTERN_FOUND,AUTHENTICATED_ROLE_CHECK_REVIEW,auth(),API_EXCLUDED_BY_MATCHER,GUARD_PATTERN_FOUND,NONE_FOUND,NONE_FOUND,NOT_APPLICABLE_OR_REVIEW_REQUIRED,NONE,NOT_APPLICABLE,NONE_GLOBAL,STATIC_INVENTORY_TEST_MAPPING_REQUIRED
/api/aria/feedback,POST,PRIVATE_GUARD_PATTERN_FOUND,AUTHENTICATED_ROLE_CHECK_REVIEW,auth(),API_EXCLUDED_BY_MATCHER,GUARD_PATTERN_FOUND,NONE_FOUND,NONE_FOUND,NOT_APPLICABLE_OR_REVIEW_REQUIRED,NONE,NOT_APPLICABLE,NONE_GLOBAL,STATIC_INVENTORY_TEST_MAPPING_REQUIRED
/api/assessments/[id]/export,GET,PRIVATE_GUARD_PATTERN_FOUND,AUTHENTICATED_ROLE_CHECK_REVIEW,auth(),API_EXCLUDED_BY_MATCHER,GUARD_PATTERN_FOUND,NONE_FOUND,NONE_FOUND,DYNAMIC_RESOURCE_SCOPE_NOT_PROVEN,NONE,NOT_APPLICABLE,NONE_GLOBAL,STATIC_INVENTORY_TEST_MAPPING_REQUIRED
/api/assessments/[id]/result,GET,PRIVATE_GUARD_PATTERN_FOUND,AUTHENTICATED_ROLE_CHECK_REVIEW,auth(),API_EXCLUDED_BY_MATCHER,GUARD_PATTERN_FOUND,NONE_FOUND,NONE_FOUND,DYNAMIC_RESOURCE_SCOPE_NOT_PROVEN,NONE,NOT_APPLICABLE,NONE_GLOBAL,STATIC_INVENTORY_TEST_MAPPING_REQUIRED
/api/assessments/[id]/status,GET,PRIVATE_GUARD_PATTERN_FOUND,AUTHENTICATED_ROLE_CHECK_REVIEW,auth(),API_EXCLUDED_BY_MATCHER,GUARD_PATTERN_FOUND,NONE_FOUND,NONE_FOUND,DYNAMIC_RESOURCE_SCOPE_NOT_PROVEN,NONE,NOT_APPLICABLE,NONE_GLOBAL,STATIC_INVENTORY_TEST_MAPPING_REQUIRED
/api/assessments/predict,POST,PRIVATE_GUARD_PATTERN_FOUND,AUTHENTICATED_ROLE_CHECK_REVIEW,auth(),API_EXCLUDED_BY_MATCHER,GUARD_PATTERN_FOUND,NONE_FOUND,NONE_FOUND,NOT_APPLICABLE_OR_REVIEW_REQUIRED,NONE,NOT_APPLICABLE,NONE_GLOBAL,STATIC_INVENTORY_TEST_MAPPING_REQUIRED
/api/assessments/submit,POST,PUBLIC_OR_UNGUARDED_REVIEW_REQUIRED,NONE_EXPLICIT,NONE_FOUND,API_EXCLUDED_BY_MATCHER,NONE_FOUND,NONE_FOUND,CHECK_FOUND,NOT_APPLICABLE_OR_REVIEW_REQUIRED,NONE,NOT_APPLICABLE,NONE_GLOBAL,STATIC_INVENTORY_TEST_MAPPING_REQUIRED
/api/assessments/test,GET,PRIVATE_GUARD_PATTERN_FOUND,AUTHENTICATED_ROLE_CHECK_REVIEW,auth(),API_EXCLUDED_BY_MATCHER,GUARD_PATTERN_FOUND,NONE_FOUND,NONE_FOUND,NOT_APPLICABLE_OR_REVIEW_REQUIRED,NONE,NOT_APPLICABLE,NONE_GLOBAL,STATIC_INVENTORY_TEST_MAPPING_REQUIRED
/api/assistante/activate-student,POST,PRIVATE_GUARD_PATTERN_FOUND,AUTHENTICATED_ROLE_CHECK_REVIEW,auth(),API_EXCLUDED_BY_MATCHER,GUARD_PATTERN_FOUND,NONE_FOUND,NONE_FOUND,NOT_APPLICABLE_OR_REVIEW_REQUIRED,ACTIVATION,NOT_APPLICABLE,NONE_GLOBAL,STATIC_INVENTORY_TEST_MAPPING_REQUIRED
/api/assistante/assignments/[id],GET,PRIVATE_GUARD_PATTERN_FOUND,ADMIN|ASSISTANTE,requireAnyRole,API_EXCLUDED_BY_MATCHER,GUARD_PATTERN_FOUND,NONE_FOUND,NONE_FOUND,DYNAMIC_RESOURCE_SCOPE_NOT_PROVEN,NONE,NOT_APPLICABLE,NONE_GLOBAL,STATIC_INVENTORY_TEST_MAPPING_REQUIRED
/api/assistante/assignments/[id],PATCH,PRIVATE_GUARD_PATTERN_FOUND,ADMIN|ASSISTANTE,requireAnyRole,API_EXCLUDED_BY_MATCHER,GUARD_PATTERN_FOUND,NONE_FOUND,NONE_FOUND,DYNAMIC_RESOURCE_SCOPE_NOT_PROVEN,NONE,NOT_APPLICABLE,NONE_GLOBAL,STATIC_INVENTORY_TEST_MAPPING_REQUIRED
/api/assistante/assignments,GET,PRIVATE_GUARD_PATTERN_FOUND,ADMIN|ASSISTANTE,requireAnyRole,API_EXCLUDED_BY_MATCHER,GUARD_PATTERN_FOUND,NONE_FOUND,NONE_FOUND,NOT_APPLICABLE_OR_REVIEW_REQUIRED,NONE,NOT_APPLICABLE,NONE_GLOBAL,STATIC_INVENTORY_TEST_MAPPING_REQUIRED
/api/assistante/assignments,POST,PRIVATE_GUARD_PATTERN_FOUND,ADMIN|ASSISTANTE,requireAnyRole,API_EXCLUDED_BY_MATCHER,GUARD_PATTERN_FOUND,NONE_FOUND,NONE_FOUND,NOT_APPLICABLE_OR_REVIEW_REQUIRED,NONE,NOT_APPLICABLE,NONE_GLOBAL,STATIC_INVENTORY_TEST_MAPPING_REQUIRED
/api/assistante/coaches/manage/[id],PUT,PRIVATE_GUARD_PATTERN_FOUND,AUTHENTICATED_ROLE_CHECK_REVIEW,auth(),API_EXCLUDED_BY_MATCHER,GUARD_PATTERN_FOUND,NONE_FOUND,NONE_FOUND,DYNAMIC_RESOURCE_SCOPE_NOT_PROVEN,NONE,NOT_APPLICABLE,NONE_GLOBAL,STATIC_INVENTORY_TEST_MAPPING_REQUIRED
/api/assistante/coaches/manage/[id],DELETE,PRIVATE_GUARD_PATTERN_FOUND,AUTHENTICATED_ROLE_CHECK_REVIEW,auth(),API_EXCLUDED_BY_MATCHER,GUARD_PATTERN_FOUND,NONE_FOUND,NONE_FOUND,DYNAMIC_RESOURCE_SCOPE_NOT_PROVEN,NONE,NOT_APPLICABLE,NONE_GLOBAL,STATIC_INVENTORY_TEST_MAPPING_REQUIRED
/api/assistante/coaches/manage,GET,PRIVATE_GUARD_PATTERN_FOUND,AUTHENTICATED_ROLE_CHECK_REVIEW,auth(),API_EXCLUDED_BY_MATCHER,GUARD_PATTERN_FOUND,NONE_FOUND,NONE_FOUND,NOT_APPLICABLE_OR_REVIEW_REQUIRED,NONE,NOT_APPLICABLE,NONE_GLOBAL,STATIC_INVENTORY_TEST_MAPPING_REQUIRED
/api/assistante/coaches/manage,POST,PRIVATE_GUARD_PATTERN_FOUND,AUTHENTICATED_ROLE_CHECK_REVIEW,auth(),API_EXCLUDED_BY_MATCHER,GUARD_PATTERN_FOUND,NONE_FOUND,NONE_FOUND,NOT_APPLICABLE_OR_REVIEW_REQUIRED,NONE,NOT_APPLICABLE,NONE_GLOBAL,STATIC_INVENTORY_TEST_MAPPING_REQUIRED
/api/assistante/coaches,GET,PRIVATE_GUARD_PATTERN_FOUND,ADMIN|ASSISTANTE,requireAnyRole,API_EXCLUDED_BY_MATCHER,GUARD_PATTERN_FOUND,NONE_FOUND,NONE_FOUND,NOT_APPLICABLE_OR_REVIEW_REQUIRED,NONE,NOT_APPLICABLE,NONE_GLOBAL,STATIC_INVENTORY_TEST_MAPPING_REQUIRED
/api/assistante/credit-requests,GET,PRIVATE_GUARD_PATTERN_FOUND,AUTHENTICATED_ROLE_CHECK_REVIEW,auth(),API_EXCLUDED_BY_MATCHER,GUARD_PATTERN_FOUND,NONE_FOUND,NONE_FOUND,NOT_APPLICABLE_OR_REVIEW_REQUIRED,NONE,NOT_APPLICABLE,NONE_GLOBAL,STATIC_INVENTORY_TEST_MAPPING_REQUIRED
/api/assistante/credit-requests,POST,PRIVATE_GUARD_PATTERN_FOUND,AUTHENTICATED_ROLE_CHECK_REVIEW,auth(),API_EXCLUDED_BY_MATCHER,GUARD_PATTERN_FOUND,NONE_FOUND,NONE_FOUND,NOT_APPLICABLE_OR_REVIEW_REQUIRED,NONE,NOT_APPLICABLE,NONE_GLOBAL,STATIC_INVENTORY_TEST_MAPPING_REQUIRED
/api/assistante/dashboard,GET,PRIVATE_GUARD_PATTERN_FOUND,AUTHENTICATED_ROLE_CHECK_REVIEW,auth(),API_EXCLUDED_BY_MATCHER,GUARD_PATTERN_FOUND,NONE_FOUND,NONE_FOUND,NOT_APPLICABLE_OR_REVIEW_REQUIRED,NONE,NOT_APPLICABLE,NONE_GLOBAL,STATIC_INVENTORY_TEST_MAPPING_REQUIRED
/api/assistante/planning,GET,PRIVATE_GUARD_PATTERN_FOUND,ADMIN|ASSISTANTE,requireAnyRole,API_EXCLUDED_BY_MATCHER,GUARD_PATTERN_FOUND,NONE_FOUND,NONE_FOUND,NOT_APPLICABLE_OR_REVIEW_REQUIRED,NONE,NOT_APPLICABLE,NONE_GLOBAL,STATIC_INVENTORY_TEST_MAPPING_REQUIRED
/api/assistante/quotes/pdf,POST,PRIVATE_GUARD_PATTERN_FOUND,ADMIN|ASSISTANTE,requireAnyRole,API_EXCLUDED_BY_MATCHER,GUARD_PATTERN_FOUND,NONE_FOUND,CHECK_FOUND,NOT_APPLICABLE_OR_REVIEW_REQUIRED,NONE,NOT_APPLICABLE,NONE_GLOBAL,STATIC_INVENTORY_TEST_MAPPING_REQUIRED
/api/assistante/sessions,POST,PRIVATE_GUARD_PATTERN_FOUND,ADMIN|ASSISTANTE,requireAnyRole,API_EXCLUDED_BY_MATCHER,GUARD_PATTERN_FOUND,NONE_FOUND,NONE_FOUND,NOT_APPLICABLE_OR_REVIEW_REQUIRED,NONE,NOT_APPLICABLE,NONE_GLOBAL,STATIC_INVENTORY_TEST_MAPPING_REQUIRED
/api/assistante/stages,GET,PRIVATE_GUARD_PATTERN_FOUND,ADMIN|ASSISTANTE,requireAnyRole,API_EXCLUDED_BY_MATCHER,GUARD_PATTERN_FOUND,NONE_FOUND,NONE_FOUND,NOT_APPLICABLE_OR_REVIEW_REQUIRED,NONE,NOT_APPLICABLE,NONE_GLOBAL,STATIC_INVENTORY_TEST_MAPPING_REQUIRED
/api/assistante/students/[studentId]/documents,GET,PRIVATE_GUARD_PATTERN_FOUND,ADMIN|ASSISTANTE,requireAnyRole,API_EXCLUDED_BY_MATCHER,GUARD_PATTERN_FOUND,NONE_FOUND,NONE_FOUND,RESOURCE_SCOPE_PATTERN_FOUND_REVIEW_REQUIRED,NONE,NOT_APPLICABLE,NONE_GLOBAL,STATIC_INVENTORY_TEST_MAPPING_REQUIRED
/api/assistante/students/[studentId]/documents,POST,PRIVATE_GUARD_PATTERN_FOUND,ADMIN|ASSISTANTE,requireAnyRole,API_EXCLUDED_BY_MATCHER,GUARD_PATTERN_FOUND,NONE_FOUND,NONE_FOUND,RESOURCE_SCOPE_PATTERN_FOUND_REVIEW_REQUIRED,NONE,NOT_APPLICABLE,NONE_GLOBAL,STATIC_INVENTORY_TEST_MAPPING_REQUIRED
/api/assistante/students/[studentId],GET,PRIVATE_GUARD_PATTERN_FOUND,ADMIN|ASSISTANTE,requireAnyRole,API_EXCLUDED_BY_MATCHER,GUARD_PATTERN_FOUND,NONE_FOUND,NONE_FOUND,RESOURCE_SCOPE_PATTERN_FOUND_REVIEW_REQUIRED,ACTIVATION,NOT_APPLICABLE,NONE_GLOBAL,STATIC_INVENTORY_TEST_MAPPING_REQUIRED
/api/assistante/students/credits,GET,PRIVATE_GUARD_PATTERN_FOUND,AUTHENTICATED_ROLE_CHECK_REVIEW,auth(),API_EXCLUDED_BY_MATCHER,GUARD_PATTERN_FOUND,NONE_FOUND,NONE_FOUND,NOT_APPLICABLE_OR_REVIEW_REQUIRED,NONE,NOT_APPLICABLE,NONE_GLOBAL,STATIC_INVENTORY_TEST_MAPPING_REQUIRED
/api/assistante/students/credits,POST,PRIVATE_GUARD_PATTERN_FOUND,AUTHENTICATED_ROLE_CHECK_REVIEW,auth(),API_EXCLUDED_BY_MATCHER,GUARD_PATTERN_FOUND,NONE_FOUND,NONE_FOUND,NOT_APPLICABLE_OR_REVIEW_REQUIRED,NONE,NOT_APPLICABLE,NONE_GLOBAL,STATIC_INVENTORY_TEST_MAPPING_REQUIRED
/api/assistante/students,GET,PRIVATE_GUARD_PATTERN_FOUND,ADMIN|ASSISTANTE,requireAnyRole,API_EXCLUDED_BY_MATCHER,GUARD_PATTERN_FOUND,NONE_FOUND,NONE_FOUND,NOT_APPLICABLE_OR_REVIEW_REQUIRED,ACTIVATION|PASSWORD_RESET|TOKEN_OTHER_OR_GENERIC,NOT_APPLICABLE,NONE_GLOBAL,STATIC_INVENTORY_TEST_MAPPING_REQUIRED
/api/assistante/students,POST,PRIVATE_GUARD_PATTERN_FOUND,ADMIN|ASSISTANTE,requireAnyRole,API_EXCLUDED_BY_MATCHER,GUARD_PATTERN_FOUND,NONE_FOUND,NONE_FOUND,NOT_APPLICABLE_OR_REVIEW_REQUIRED,ACTIVATION|PASSWORD_RESET|TOKEN_OTHER_OR_GENERIC,NOT_APPLICABLE,NONE_GLOBAL,STATIC_INVENTORY_TEST_MAPPING_REQUIRED
/api/assistante/subscription-requests,GET,PRIVATE_GUARD_PATTERN_FOUND,AUTHENTICATED_ROLE_CHECK_REVIEW,auth(),API_EXCLUDED_BY_MATCHER,GUARD_PATTERN_FOUND,NONE_FOUND,NONE_FOUND,NOT_APPLICABLE_OR_REVIEW_REQUIRED,NONE,NOT_APPLICABLE,NONE_GLOBAL,STATIC_INVENTORY_TEST_MAPPING_REQUIRED
/api/assistante/subscription-requests,PATCH,PRIVATE_GUARD_PATTERN_FOUND,AUTHENTICATED_ROLE_CHECK_REVIEW,auth(),API_EXCLUDED_BY_MATCHER,GUARD_PATTERN_FOUND,NONE_FOUND,NONE_FOUND,NOT_APPLICABLE_OR_REVIEW_REQUIRED,NONE,NOT_APPLICABLE,NONE_GLOBAL,STATIC_INVENTORY_TEST_MAPPING_REQUIRED
/api/assistante/subscriptions,GET,PRIVATE_GUARD_PATTERN_FOUND,AUTHENTICATED_ROLE_CHECK_REVIEW,auth(),API_EXCLUDED_BY_MATCHER,GUARD_PATTERN_FOUND,NONE_FOUND,NONE_FOUND,NOT_APPLICABLE_OR_REVIEW_REQUIRED,NONE,NOT_APPLICABLE,NONE_GLOBAL,STATIC_INVENTORY_TEST_MAPPING_REQUIRED
/api/assistante/subscriptions,POST,PRIVATE_GUARD_PATTERN_FOUND,AUTHENTICATED_ROLE_CHECK_REVIEW,auth(),API_EXCLUDED_BY_MATCHER,GUARD_PATTERN_FOUND,NONE_FOUND,NONE_FOUND,NOT_APPLICABLE_OR_REVIEW_REQUIRED,NONE,NOT_APPLICABLE,NONE_GLOBAL,STATIC_INVENTORY_TEST_MAPPING_REQUIRED
/api/auth/[...nextauth],UNRESOLVED,PUBLIC_OR_UNGUARDED_REVIEW_REQUIRED,NONE_EXPLICIT,NONE_FOUND,API_EXCLUDED_BY_MATCHER,NONE_FOUND,NONE_FOUND,NONE_FOUND,DYNAMIC_RESOURCE_SCOPE_NOT_PROVEN,NONE,NOT_APPLICABLE,NONE_GLOBAL,STATIC_INVENTORY_TEST_MAPPING_REQUIRED
/api/auth/resend-activation,POST,PUBLIC_OR_UNGUARDED_REVIEW_REQUIRED,NONE_EXPLICIT,NONE_FOUND,API_EXCLUDED_BY_MATCHER,NONE_FOUND,NONE_FOUND,CHECK_FOUND,NOT_APPLICABLE_OR_REVIEW_REQUIRED,ACTIVATION|TOKEN_OTHER_OR_GENERIC,NOT_APPLICABLE,NONE_GLOBAL,STATIC_INVENTORY_TEST_MAPPING_REQUIRED
/api/auth/reset-password,POST,PUBLIC_OR_UNGUARDED_REVIEW_REQUIRED,NONE_EXPLICIT,NONE_FOUND,API_EXCLUDED_BY_MATCHER,NONE_FOUND,CHECK_FOUND,CHECK_FOUND,NOT_APPLICABLE_OR_REVIEW_REQUIRED,PASSWORD_RESET|TOKEN_OTHER_OR_GENERIC,NOT_APPLICABLE,NONE_GLOBAL,STATIC_INVENTORY_TEST_MAPPING_REQUIRED
/api/bilan-gratuit/dismiss,POST,PRIVATE_GUARD_PATTERN_FOUND,PARENT,requireRole,API_EXCLUDED_BY_MATCHER,GUARD_PATTERN_FOUND,NONE_FOUND,NONE_FOUND,NOT_APPLICABLE_OR_REVIEW_REQUIRED,NONE,NOT_APPLICABLE,NONE_GLOBAL,STATIC_INVENTORY_TEST_MAPPING_REQUIRED
/api/bilan-gratuit,POST,PUBLIC_OR_UNGUARDED_REVIEW_REQUIRED,ELEVE|PARENT,NONE_FOUND,API_EXCLUDED_BY_MATCHER,NONE_FOUND,CHECK_FOUND,CHECK_FOUND,NOT_APPLICABLE_OR_REVIEW_REQUIRED,ACTIVATION|TOKEN_OTHER_OR_GENERIC,NOT_APPLICABLE,NONE_GLOBAL,STATIC_INVENTORY_TEST_MAPPING_REQUIRED
/api/bilan-gratuit/status,GET,PRIVATE_GUARD_PATTERN_FOUND,AUTHENTICATED_ROLE_CHECK_REVIEW,auth(),API_EXCLUDED_BY_MATCHER,GUARD_PATTERN_FOUND,NONE_FOUND,NONE_FOUND,NOT_APPLICABLE_OR_REVIEW_REQUIRED,NONE,NOT_APPLICABLE,NONE_GLOBAL,STATIC_INVENTORY_TEST_MAPPING_REQUIRED
/api/bilan-pallier2-maths/retry,POST,PRIVATE_GUARD_PATTERN_FOUND,ADMIN|ASSISTANTE|COACH,requireAnyRole,API_EXCLUDED_BY_MATCHER,GUARD_PATTERN_FOUND,NONE_FOUND,NONE_FOUND,NOT_APPLICABLE_OR_REVIEW_REQUIRED,NONE,NOT_APPLICABLE,NONE_GLOBAL,STATIC_INVENTORY_TEST_MAPPING_REQUIRED
/api/bilan-pallier2-maths,POST,PRIVATE_GUARD_PATTERN_FOUND,ADMIN|ASSISTANTE|COACH,requireAnyRole,API_EXCLUDED_BY_MATCHER,GUARD_PATTERN_FOUND,CHECK_FOUND,CHECK_FOUND,NOT_APPLICABLE_OR_REVIEW_REQUIRED,TOKEN_OTHER_OR_GENERIC,NOT_APPLICABLE,NONE_GLOBAL,STATIC_INVENTORY_TEST_MAPPING_REQUIRED
/api/bilan-pallier2-maths,GET,PRIVATE_GUARD_PATTERN_FOUND,ADMIN|ASSISTANTE|COACH,requireAnyRole,API_EXCLUDED_BY_MATCHER,GUARD_PATTERN_FOUND,CHECK_FOUND,CHECK_FOUND,NOT_APPLICABLE_OR_REVIEW_REQUIRED,TOKEN_OTHER_OR_GENERIC,NOT_APPLICABLE,NONE_GLOBAL,STATIC_INVENTORY_TEST_MAPPING_REQUIRED
/api/bilans/[id]/export,GET,PRIVATE_GUARD_PATTERN_FOUND,ADMIN|ASSISTANTE|COACH|ELEVE|PARENT,requireAnyRole,API_EXCLUDED_BY_MATCHER,GUARD_PATTERN_FOUND,NONE_FOUND,NONE_FOUND,DYNAMIC_RESOURCE_SCOPE_NOT_PROVEN,NONE,NOT_APPLICABLE,NONE_GLOBAL,STATIC_INVENTORY_TEST_MAPPING_REQUIRED
/api/bilans/[id]/export,POST,PRIVATE_GUARD_PATTERN_FOUND,ADMIN|ASSISTANTE|COACH|ELEVE|PARENT,requireAnyRole,API_EXCLUDED_BY_MATCHER,GUARD_PATTERN_FOUND,NONE_FOUND,NONE_FOUND,DYNAMIC_RESOURCE_SCOPE_NOT_PROVEN,NONE,NOT_APPLICABLE,NONE_GLOBAL,STATIC_INVENTORY_TEST_MAPPING_REQUIRED
/api/bilans/[id],GET,PRIVATE_GUARD_PATTERN_FOUND,ADMIN|ASSISTANTE|COACH|ELEVE|PARENT,requireAnyRole,API_EXCLUDED_BY_MATCHER,GUARD_PATTERN_FOUND,NONE_FOUND,NONE_FOUND,DYNAMIC_RESOURCE_SCOPE_NOT_PROVEN,NONE,NOT_APPLICABLE,NONE_GLOBAL,STATIC_INVENTORY_TEST_MAPPING_REQUIRED
/api/bilans/[id],PUT,PRIVATE_GUARD_PATTERN_FOUND,ADMIN|ASSISTANTE|COACH|ELEVE|PARENT,requireAnyRole,API_EXCLUDED_BY_MATCHER,GUARD_PATTERN_FOUND,NONE_FOUND,NONE_FOUND,DYNAMIC_RESOURCE_SCOPE_NOT_PROVEN,NONE,NOT_APPLICABLE,NONE_GLOBAL,STATIC_INVENTORY_TEST_MAPPING_REQUIRED
/api/bilans/[id],DELETE,PRIVATE_GUARD_PATTERN_FOUND,ADMIN|ASSISTANTE|COACH|ELEVE|PARENT,requireAnyRole,API_EXCLUDED_BY_MATCHER,GUARD_PATTERN_FOUND,NONE_FOUND,NONE_FOUND,DYNAMIC_RESOURCE_SCOPE_NOT_PROVEN,NONE,NOT_APPLICABLE,NONE_GLOBAL,STATIC_INVENTORY_TEST_MAPPING_REQUIRED
/api/bilans/generate,POST,PRIVATE_GUARD_PATTERN_FOUND,ADMIN|ASSISTANTE|COACH,requireAnyRole,API_EXCLUDED_BY_MATCHER,GUARD_PATTERN_FOUND,NONE_FOUND,NONE_FOUND,NOT_APPLICABLE_OR_REVIEW_REQUIRED,NONE,NOT_APPLICABLE,NONE_GLOBAL,STATIC_INVENTORY_TEST_MAPPING_REQUIRED
/api/bilans/generate,GET,PRIVATE_GUARD_PATTERN_FOUND,ADMIN|ASSISTANTE|COACH,requireAnyRole,API_EXCLUDED_BY_MATCHER,GUARD_PATTERN_FOUND,NONE_FOUND,NONE_FOUND,NOT_APPLICABLE_OR_REVIEW_REQUIRED,NONE,NOT_APPLICABLE,NONE_GLOBAL,STATIC_INVENTORY_TEST_MAPPING_REQUIRED
/api/bilans,GET,PRIVATE_GUARD_PATTERN_FOUND,ADMIN|ASSISTANTE|COACH,requireAnyRole,API_EXCLUDED_BY_MATCHER,GUARD_PATTERN_FOUND,NONE_FOUND,NONE_FOUND,NOT_APPLICABLE_OR_REVIEW_REQUIRED,NONE,NOT_APPLICABLE,NONE_GLOBAL,STATIC_INVENTORY_TEST_MAPPING_REQUIRED
/api/bilans,POST,PRIVATE_GUARD_PATTERN_FOUND,ADMIN|ASSISTANTE|COACH,requireAnyRole,API_EXCLUDED_BY_MATCHER,GUARD_PATTERN_FOUND,NONE_FOUND,NONE_FOUND,NOT_APPLICABLE_OR_REVIEW_REQUIRED,NONE,NOT_APPLICABLE,NONE_GLOBAL,STATIC_INVENTORY_TEST_MAPPING_REQUIRED
/api/coach/dashboard,GET,PRIVATE_GUARD_PATTERN_FOUND,AUTHENTICATED_ROLE_CHECK_REVIEW,auth(),API_EXCLUDED_BY_MATCHER,GUARD_PATTERN_FOUND,NONE_FOUND,NONE_FOUND,NOT_APPLICABLE_OR_REVIEW_REQUIRED,NONE,NOT_APPLICABLE,NONE_GLOBAL,STATIC_INVENTORY_TEST_MAPPING_REQUIRED
/api/coach/eaf-stage-printemps/students/[studentId]/report/regenerate,POST,PRIVATE_GUARD_PATTERN_FOUND,COACH,requireRole,API_EXCLUDED_BY_MATCHER,GUARD_PATTERN_FOUND,NONE_FOUND,NONE_FOUND,RESOURCE_SCOPE_PATTERN_FOUND_REVIEW_REQUIRED,NONE,NOT_APPLICABLE,NONE_GLOBAL,STATIC_INVENTORY_TEST_MAPPING_REQUIRED
/api/coach/eaf-stage-printemps/students/[studentId]/report,GET,PRIVATE_GUARD_PATTERN_FOUND,COACH,requireRole,API_EXCLUDED_BY_MATCHER,GUARD_PATTERN_FOUND,NONE_FOUND,NONE_FOUND,RESOURCE_SCOPE_PATTERN_FOUND_REVIEW_REQUIRED,NONE,NOT_APPLICABLE,NONE_GLOBAL,STATIC_INVENTORY_TEST_MAPPING_REQUIRED
/api/coach/eaf-stage-printemps/students/[studentId]/report,POST,PRIVATE_GUARD_PATTERN_FOUND,COACH,requireRole,API_EXCLUDED_BY_MATCHER,GUARD_PATTERN_FOUND,NONE_FOUND,NONE_FOUND,RESOURCE_SCOPE_PATTERN_FOUND_REVIEW_REQUIRED,NONE,NOT_APPLICABLE,NONE_GLOBAL,STATIC_INVENTORY_TEST_MAPPING_REQUIRED
/api/coach/eaf-stage-printemps/students/[studentId]/report,PATCH,PRIVATE_GUARD_PATTERN_FOUND,COACH,requireRole,API_EXCLUDED_BY_MATCHER,GUARD_PATTERN_FOUND,NONE_FOUND,NONE_FOUND,RESOURCE_SCOPE_PATTERN_FOUND_REVIEW_REQUIRED,NONE,NOT_APPLICABLE,NONE_GLOBAL,STATIC_INVENTORY_TEST_MAPPING_REQUIRED
/api/coach/eaf-stage-printemps/students,GET,PRIVATE_GUARD_PATTERN_FOUND,COACH,requireRole,API_EXCLUDED_BY_MATCHER,GUARD_PATTERN_FOUND,NONE_FOUND,NONE_FOUND,NOT_APPLICABLE_OR_REVIEW_REQUIRED,NONE,NOT_APPLICABLE,NONE_GLOBAL,STATIC_INVENTORY_TEST_MAPPING_REQUIRED
/api/coach/maths-premiere-stage-printemps/students/[studentId]/regenerate-parent,POST,PRIVATE_GUARD_PATTERN_FOUND,COACH,requireRole,API_EXCLUDED_BY_MATCHER,GUARD_PATTERN_FOUND,NONE_FOUND,NONE_FOUND,RESOURCE_SCOPE_PATTERN_FOUND_REVIEW_REQUIRED,NONE,NOT_APPLICABLE,NONE_GLOBAL,STATIC_INVENTORY_TEST_MAPPING_REQUIRED
/api/coach/maths-premiere-stage-printemps/students/[studentId]/regenerate-student,POST,PRIVATE_GUARD_PATTERN_FOUND,COACH,requireRole,API_EXCLUDED_BY_MATCHER,GUARD_PATTERN_FOUND,NONE_FOUND,NONE_FOUND,RESOURCE_SCOPE_PATTERN_FOUND_REVIEW_REQUIRED,NONE,NOT_APPLICABLE,NONE_GLOBAL,STATIC_INVENTORY_TEST_MAPPING_REQUIRED
/api/coach/maths-premiere-stage-printemps/students/[studentId]/report,GET,PRIVATE_GUARD_PATTERN_FOUND,COACH,requireRole,API_EXCLUDED_BY_MATCHER,GUARD_PATTERN_FOUND,NONE_FOUND,NONE_FOUND,RESOURCE_SCOPE_PATTERN_FOUND_REVIEW_REQUIRED,NONE,NOT_APPLICABLE,NONE_GLOBAL,STATIC_INVENTORY_TEST_MAPPING_REQUIRED
/api/coach/maths-premiere-stage-printemps/students/[studentId]/report,POST,PRIVATE_GUARD_PATTERN_FOUND,COACH,requireRole,API_EXCLUDED_BY_MATCHER,GUARD_PATTERN_FOUND,NONE_FOUND,NONE_FOUND,RESOURCE_SCOPE_PATTERN_FOUND_REVIEW_REQUIRED,NONE,NOT_APPLICABLE,NONE_GLOBAL,STATIC_INVENTORY_TEST_MAPPING_REQUIRED
/api/coach/maths-premiere-stage-printemps/students/[studentId]/report,PATCH,PRIVATE_GUARD_PATTERN_FOUND,COACH,requireRole,API_EXCLUDED_BY_MATCHER,GUARD_PATTERN_FOUND,NONE_FOUND,NONE_FOUND,RESOURCE_SCOPE_PATTERN_FOUND_REVIEW_REQUIRED,NONE,NOT_APPLICABLE,NONE_GLOBAL,STATIC_INVENTORY_TEST_MAPPING_REQUIRED
/api/coach/maths-premiere-stage-printemps/students,GET,PRIVATE_GUARD_PATTERN_FOUND,COACH,requireRole,API_EXCLUDED_BY_MATCHER,GUARD_PATTERN_FOUND,NONE_FOUND,NONE_FOUND,NOT_APPLICABLE_OR_REVIEW_REQUIRED,NONE,NOT_APPLICABLE,NONE_GLOBAL,STATIC_INVENTORY_TEST_MAPPING_REQUIRED
/api/coach/nsi-pratique-2026/students/[studentId]/progress,GET,PRIVATE_GUARD_PATTERN_FOUND,ADMIN|COACH,requireAnyRole,API_EXCLUDED_BY_MATCHER,GUARD_PATTERN_FOUND,NONE_FOUND,NONE_FOUND,RESOURCE_SCOPE_PATTERN_FOUND_REVIEW_REQUIRED,NONE,NOT_APPLICABLE,NONE_GLOBAL,STATIC_INVENTORY_TEST_MAPPING_REQUIRED
/api/coach/nsi-pratique-2026/students,GET,PRIVATE_GUARD_PATTERN_FOUND,ADMIN|COACH,requireAnyRole,API_EXCLUDED_BY_MATCHER,GUARD_PATTERN_FOUND,NONE_FOUND,NONE_FOUND,NOT_APPLICABLE_OR_REVIEW_REQUIRED,NONE,NOT_APPLICABLE,NONE_GLOBAL,STATIC_INVENTORY_TEST_MAPPING_REQUIRED
/api/coach/sessions/[sessionId]/report,POST,PRIVATE_GUARD_PATTERN_FOUND,AUTHENTICATED_ROLE_CHECK_REVIEW,auth(),API_EXCLUDED_BY_MATCHER,GUARD_PATTERN_FOUND,NONE_FOUND,NONE_FOUND,RESOURCE_SCOPE_PATTERN_FOUND_REVIEW_REQUIRED,NONE,NOT_APPLICABLE,NONE_GLOBAL,STATIC_INVENTORY_TEST_MAPPING_REQUIRED
/api/coach/sessions/[sessionId]/report,GET,PRIVATE_GUARD_PATTERN_FOUND,AUTHENTICATED_ROLE_CHECK_REVIEW,auth(),API_EXCLUDED_BY_MATCHER,GUARD_PATTERN_FOUND,NONE_FOUND,NONE_FOUND,RESOURCE_SCOPE_PATTERN_FOUND_REVIEW_REQUIRED,NONE,NOT_APPLICABLE,NONE_GLOBAL,STATIC_INVENTORY_TEST_MAPPING_REQUIRED
/api/coach/stages,GET,PRIVATE_GUARD_PATTERN_FOUND,COACH,requireRole,API_EXCLUDED_BY_MATCHER,GUARD_PATTERN_FOUND,NONE_FOUND,NONE_FOUND,NOT_APPLICABLE_OR_REVIEW_REQUIRED,NONE,NOT_APPLICABLE,NONE_GLOBAL,STATIC_INVENTORY_TEST_MAPPING_REQUIRED
/api/coach/students/[studentId]/bilan-diagnostic-maths-terminale,GET,PRIVATE_GUARD_PATTERN_FOUND,COACH,requireRole,API_EXCLUDED_BY_MATCHER,GUARD_PATTERN_FOUND,NONE_FOUND,NONE_FOUND,RESOURCE_SCOPE_PATTERN_FOUND_REVIEW_REQUIRED,NONE,NOT_APPLICABLE,NONE_GLOBAL,STATIC_INVENTORY_TEST_MAPPING_REQUIRED
/api/coach/students/[studentId]/bilan-diagnostic-maths-terminale,PATCH,PRIVATE_GUARD_PATTERN_FOUND,COACH,requireRole,API_EXCLUDED_BY_MATCHER,GUARD_PATTERN_FOUND,NONE_FOUND,NONE_FOUND,RESOURCE_SCOPE_PATTERN_FOUND_REVIEW_REQUIRED,NONE,NOT_APPLICABLE,NONE_GLOBAL,STATIC_INVENTORY_TEST_MAPPING_REQUIRED
/api/coach/students/[studentId]/documents,GET,PRIVATE_GUARD_PATTERN_FOUND,COACH,requireRole,API_EXCLUDED_BY_MATCHER,GUARD_PATTERN_FOUND,NONE_FOUND,NONE_FOUND,RESOURCE_SCOPE_PATTERN_FOUND_REVIEW_REQUIRED,NONE,NOT_APPLICABLE,NONE_GLOBAL,STATIC_INVENTORY_TEST_MAPPING_REQUIRED
/api/coach/students/[studentId]/documents,POST,PRIVATE_GUARD_PATTERN_FOUND,COACH,requireRole,API_EXCLUDED_BY_MATCHER,GUARD_PATTERN_FOUND,NONE_FOUND,NONE_FOUND,RESOURCE_SCOPE_PATTERN_FOUND_REVIEW_REQUIRED,NONE,NOT_APPLICABLE,NONE_GLOBAL,STATIC_INVENTORY_TEST_MAPPING_REQUIRED
/api/coach/students/[studentId]/dossier,GET,PRIVATE_GUARD_PATTERN_FOUND,AUTHENTICATED_ROLE_CHECK_REVIEW,auth(),API_EXCLUDED_BY_MATCHER,GUARD_PATTERN_FOUND,NONE_FOUND,NONE_FOUND,RESOURCE_SCOPE_PATTERN_FOUND_REVIEW_REQUIRED,NONE,NOT_APPLICABLE,NONE_GLOBAL,STATIC_INVENTORY_TEST_MAPPING_REQUIRED
/api/coach/students/[studentId]/eaf-preparation-report,GET,PRIVATE_GUARD_PATTERN_FOUND,COACH,requireRole,API_EXCLUDED_BY_MATCHER,GUARD_PATTERN_FOUND,NONE_FOUND,NONE_FOUND,RESOURCE_SCOPE_PATTERN_FOUND_REVIEW_REQUIRED,NONE,NOT_APPLICABLE,NONE_GLOBAL,STATIC_INVENTORY_TEST_MAPPING_REQUIRED
/api/coach/students/[studentId]/eaf-preparation-report,PUT,PRIVATE_GUARD_PATTERN_FOUND,COACH,requireRole,API_EXCLUDED_BY_MATCHER,GUARD_PATTERN_FOUND,NONE_FOUND,NONE_FOUND,RESOURCE_SCOPE_PATTERN_FOUND_REVIEW_REQUIRED,NONE,NOT_APPLICABLE,NONE_GLOBAL,STATIC_INVENTORY_TEST_MAPPING_REQUIRED
/api/coach/students/[studentId]/eaf-preparation-report/validate,POST,PRIVATE_GUARD_PATTERN_FOUND,COACH,requireRole,API_EXCLUDED_BY_MATCHER,GUARD_PATTERN_FOUND,NONE_FOUND,NONE_FOUND,RESOURCE_SCOPE_PATTERN_FOUND_REVIEW_REQUIRED,NONE,NOT_APPLICABLE,NONE_GLOBAL,STATIC_INVENTORY_TEST_MAPPING_REQUIRED
/api/coach/students/[studentId]/generated-reports/[reportId]/download,GET,PRIVATE_GUARD_PATTERN_FOUND,COACH,requireRole,API_EXCLUDED_BY_MATCHER,GUARD_PATTERN_FOUND,NONE_FOUND,NONE_FOUND,RESOURCE_SCOPE_PATTERN_FOUND_REVIEW_REQUIRED,NONE,NOT_APPLICABLE,NONE_GLOBAL,STATIC_INVENTORY_TEST_MAPPING_REQUIRED
/api/coach/students/[studentId]/generated-reports/[reportId]/generate,UNRESOLVED,PUBLIC_OR_UNGUARDED_REVIEW_REQUIRED,NONE_EXPLICIT,NONE_FOUND,API_EXCLUDED_BY_MATCHER,NONE_FOUND,NONE_FOUND,NONE_FOUND,DYNAMIC_RESOURCE_SCOPE_NOT_PROVEN,NONE,NOT_APPLICABLE,NONE_GLOBAL,STATIC_INVENTORY_TEST_MAPPING_REQUIRED
/api/coach/students/[studentId]/generated-reports/[reportId]/regenerate,POST,PRIVATE_GUARD_PATTERN_FOUND,COACH,requireRole,API_EXCLUDED_BY_MATCHER,GUARD_PATTERN_FOUND,NONE_FOUND,NONE_FOUND,RESOURCE_SCOPE_PATTERN_FOUND_REVIEW_REQUIRED,NONE,NOT_APPLICABLE,NONE_GLOBAL,STATIC_INVENTORY_TEST_MAPPING_REQUIRED
/api/coach/students/[studentId]/generated-reports,GET,PRIVATE_GUARD_PATTERN_FOUND,COACH,requireRole,API_EXCLUDED_BY_MATCHER,GUARD_PATTERN_FOUND,NONE_FOUND,NONE_FOUND,RESOURCE_SCOPE_PATTERN_FOUND_REVIEW_REQUIRED,NONE,NOT_APPLICABLE,NONE_GLOBAL,STATIC_INVENTORY_TEST_MAPPING_REQUIRED
/api/coach/students/[studentId]/generated-reports,POST,PRIVATE_GUARD_PATTERN_FOUND,COACH,requireRole,API_EXCLUDED_BY_MATCHER,GUARD_PATTERN_FOUND,NONE_FOUND,NONE_FOUND,RESOURCE_SCOPE_PATTERN_FOUND_REVIEW_REQUIRED,NONE,NOT_APPLICABLE,NONE_GLOBAL,STATIC_INVENTORY_TEST_MAPPING_REQUIRED
/api/coach/students/[studentId]/notes,GET,PRIVATE_GUARD_PATTERN_FOUND,AUTHENTICATED_ROLE_CHECK_REVIEW,auth(),API_EXCLUDED_BY_MATCHER,GUARD_PATTERN_FOUND,NONE_FOUND,NONE_FOUND,RESOURCE_SCOPE_PATTERN_FOUND_REVIEW_REQUIRED,NONE,NOT_APPLICABLE,NONE_GLOBAL,STATIC_INVENTORY_TEST_MAPPING_REQUIRED
/api/coach/students/[studentId]/notes,POST,PRIVATE_GUARD_PATTERN_FOUND,AUTHENTICATED_ROLE_CHECK_REVIEW,auth(),API_EXCLUDED_BY_MATCHER,GUARD_PATTERN_FOUND,NONE_FOUND,NONE_FOUND,RESOURCE_SCOPE_PATTERN_FOUND_REVIEW_REQUIRED,NONE,NOT_APPLICABLE,NONE_GLOBAL,STATIC_INVENTORY_TEST_MAPPING_REQUIRED
/api/coach/students/[studentId],GET,PRIVATE_GUARD_PATTERN_FOUND,COACH,requireRole,API_EXCLUDED_BY_MATCHER,GUARD_PATTERN_FOUND,NONE_FOUND,NONE_FOUND,RESOURCE_SCOPE_PATTERN_FOUND_REVIEW_REQUIRED,NONE,NOT_APPLICABLE,NONE_GLOBAL,STATIC_INVENTORY_TEST_MAPPING_REQUIRED
/api/coach/students/[studentId]/survival-mode,POST,PRIVATE_GUARD_PATTERN_FOUND,AUTHENTICATED_ROLE_CHECK_REVIEW,auth(),API_EXCLUDED_BY_MATCHER,GUARD_PATTERN_FOUND,NONE_FOUND,NONE_FOUND,RESOURCE_SCOPE_PATTERN_FOUND_REVIEW_REQUIRED,NONE,NOT_APPLICABLE,NONE_GLOBAL,STATIC_INVENTORY_TEST_MAPPING_REQUIRED
/api/coach/students/eam-summary,GET,PRIVATE_GUARD_PATTERN_FOUND,AUTHENTICATED_ROLE_CHECK_REVIEW,auth(),API_EXCLUDED_BY_MATCHER,GUARD_PATTERN_FOUND,NONE_FOUND,NONE_FOUND,NOT_APPLICABLE_OR_REVIEW_REQUIRED,NONE,NOT_APPLICABLE,NONE_GLOBAL,STATIC_INVENTORY_TEST_MAPPING_REQUIRED
/api/coach/students,GET,PRIVATE_GUARD_PATTERN_FOUND,COACH,requireRole,API_EXCLUDED_BY_MATCHER,GUARD_PATTERN_FOUND,NONE_FOUND,NONE_FOUND,NOT_APPLICABLE_OR_REVIEW_REQUIRED,NONE,NOT_APPLICABLE,NONE_GLOBAL,STATIC_INVENTORY_TEST_MAPPING_REQUIRED
/api/coach/trajectory,POST,PRIVATE_GUARD_PATTERN_FOUND,AUTHENTICATED_ROLE_CHECK_REVIEW,auth(),API_EXCLUDED_BY_MATCHER,GUARD_PATTERN_FOUND,NONE_FOUND,NONE_FOUND,NOT_APPLICABLE_OR_REVIEW_REQUIRED,ACTIVATION,NOT_APPLICABLE,NONE_GLOBAL,STATIC_INVENTORY_TEST_MAPPING_REQUIRED
/api/coaches/availability,POST,PRIVATE_GUARD_PATTERN_FOUND,AUTHENTICATED_ROLE_CHECK_REVIEW,auth(),API_EXCLUDED_BY_MATCHER,GUARD_PATTERN_FOUND,NONE_FOUND,NONE_FOUND,NOT_APPLICABLE_OR_REVIEW_REQUIRED,NONE,NOT_APPLICABLE,NONE_GLOBAL,STATIC_INVENTORY_TEST_MAPPING_REQUIRED
/api/coaches/availability,GET,PRIVATE_GUARD_PATTERN_FOUND,AUTHENTICATED_ROLE_CHECK_REVIEW,auth(),API_EXCLUDED_BY_MATCHER,GUARD_PATTERN_FOUND,NONE_FOUND,NONE_FOUND,NOT_APPLICABLE_OR_REVIEW_REQUIRED,NONE,NOT_APPLICABLE,NONE_GLOBAL,STATIC_INVENTORY_TEST_MAPPING_REQUIRED
/api/coaches/availability,DELETE,PRIVATE_GUARD_PATTERN_FOUND,AUTHENTICATED_ROLE_CHECK_REVIEW,auth(),API_EXCLUDED_BY_MATCHER,GUARD_PATTERN_FOUND,NONE_FOUND,NONE_FOUND,NOT_APPLICABLE_OR_REVIEW_REQUIRED,NONE,NOT_APPLICABLE,NONE_GLOBAL,STATIC_INVENTORY_TEST_MAPPING_REQUIRED
/api/coaches/available,GET,PRIVATE_GUARD_PATTERN_FOUND,AUTHENTICATED_ROLE_CHECK_REVIEW,auth(),API_EXCLUDED_BY_MATCHER,GUARD_PATTERN_FOUND,NONE_FOUND,NONE_FOUND,NOT_APPLICABLE_OR_REVIEW_REQUIRED,NONE,NOT_APPLICABLE,NONE_GLOBAL,STATIC_INVENTORY_TEST_MAPPING_REQUIRED
/api/contact,POST,PUBLIC_OR_UNGUARDED_REVIEW_REQUIRED,NONE_EXPLICIT,NONE_FOUND,API_EXCLUDED_BY_MATCHER,NONE_FOUND,NONE_FOUND,CHECK_FOUND,NOT_APPLICABLE_OR_REVIEW_REQUIRED,NONE,NOT_APPLICABLE,NONE_GLOBAL,STATIC_INVENTORY_TEST_MAPPING_REQUIRED
/api/diagnostics/definitions,GET,PUBLIC_OR_UNGUARDED_REVIEW_REQUIRED,NONE_EXPLICIT,NONE_FOUND,API_EXCLUDED_BY_MATCHER,NONE_FOUND,NONE_FOUND,NONE_FOUND,NOT_APPLICABLE_OR_REVIEW_REQUIRED,NONE,NOT_APPLICABLE,NONE_GLOBAL,STATIC_INVENTORY_TEST_MAPPING_REQUIRED
/api/documents/[id]/download,GET,PRIVATE_GUARD_PATTERN_FOUND,ADMIN|ASSISTANTE|COACH|ELEVE|PARENT,auth(),API_EXCLUDED_BY_MATCHER,GUARD_PATTERN_FOUND,NONE_FOUND,NONE_FOUND,RESOURCE_SCOPE_PATTERN_FOUND_REVIEW_REQUIRED,NONE,NOT_APPLICABLE,NONE_GLOBAL,STATIC_INVENTORY_TEST_MAPPING_REQUIRED
/api/documents/[id],GET,PRIVATE_GUARD_PATTERN_FOUND,ADMIN|ASSISTANTE,auth(),API_EXCLUDED_BY_MATCHER,GUARD_PATTERN_FOUND,NONE_FOUND,NONE_FOUND,RESOURCE_SCOPE_PATTERN_FOUND_REVIEW_REQUIRED,NONE,NOT_APPLICABLE,NONE_GLOBAL,STATIC_INVENTORY_TEST_MAPPING_REQUIRED
/api/eam/progress,GET,PRIVATE_GUARD_PATTERN_FOUND,AUTHENTICATED_ROLE_CHECK_REVIEW,auth(),API_EXCLUDED_BY_MATCHER,GUARD_PATTERN_FOUND,NONE_FOUND,NONE_FOUND,NOT_APPLICABLE_OR_REVIEW_REQUIRED,NONE,NOT_APPLICABLE,NONE_GLOBAL,STATIC_INVENTORY_TEST_MAPPING_REQUIRED
/api/eam/progress,POST,PRIVATE_GUARD_PATTERN_FOUND,AUTHENTICATED_ROLE_CHECK_REVIEW,auth(),API_EXCLUDED_BY_MATCHER,GUARD_PATTERN_FOUND,NONE_FOUND,NONE_FOUND,NOT_APPLICABLE_OR_REVIEW_REQUIRED,NONE,NOT_APPLICABLE,NONE_GLOBAL,STATIC_INVENTORY_TEST_MAPPING_REQUIRED
/api/eleve/bilan-diagnostic-maths-terminale,GET,PRIVATE_GUARD_PATTERN_FOUND,ELEVE,requireRole,API_EXCLUDED_BY_MATCHER,GUARD_PATTERN_FOUND,NONE_FOUND,NONE_FOUND,NOT_APPLICABLE_OR_REVIEW_REQUIRED,NONE,NOT_APPLICABLE,NONE_GLOBAL,STATIC_INVENTORY_TEST_MAPPING_REQUIRED
/api/eleve/bilan-diagnostic-maths-terminale,POST,PRIVATE_GUARD_PATTERN_FOUND,ELEVE,requireRole,API_EXCLUDED_BY_MATCHER,GUARD_PATTERN_FOUND,NONE_FOUND,NONE_FOUND,NOT_APPLICABLE_OR_REVIEW_REQUIRED,NONE,NOT_APPLICABLE,NONE_GLOBAL,STATIC_INVENTORY_TEST_MAPPING_REQUIRED
/api/eleve/nsi-pratique-2026/progress,GET,PRIVATE_GUARD_PATTERN_FOUND,ELEVE,requireRole,API_EXCLUDED_BY_MATCHER,GUARD_PATTERN_FOUND,NONE_FOUND,NONE_FOUND,NOT_APPLICABLE_OR_REVIEW_REQUIRED,NONE,NOT_APPLICABLE,NONE_GLOBAL,STATIC_INVENTORY_TEST_MAPPING_REQUIRED
/api/eleve/nsi-pratique-2026/progress,PUT,PRIVATE_GUARD_PATTERN_FOUND,ELEVE,requireRole,API_EXCLUDED_BY_MATCHER,GUARD_PATTERN_FOUND,NONE_FOUND,NONE_FOUND,NOT_APPLICABLE_OR_REVIEW_REQUIRED,NONE,NOT_APPLICABLE,NONE_GLOBAL,STATIC_INVENTORY_TEST_MAPPING_REQUIRED
/api/eleve/questionnaire-eaf-stage-printemps,GET,PRIVATE_GUARD_PATTERN_FOUND,ELEVE,requireRole,API_EXCLUDED_BY_MATCHER,GUARD_PATTERN_FOUND,NONE_FOUND,NONE_FOUND,NOT_APPLICABLE_OR_REVIEW_REQUIRED,NONE,NOT_APPLICABLE,NONE_GLOBAL,STATIC_INVENTORY_TEST_MAPPING_REQUIRED
/api/eleve/questionnaire-eaf-stage-printemps,POST,PRIVATE_GUARD_PATTERN_FOUND,ELEVE,requireRole,API_EXCLUDED_BY_MATCHER,GUARD_PATTERN_FOUND,NONE_FOUND,NONE_FOUND,NOT_APPLICABLE_OR_REVIEW_REQUIRED,NONE,NOT_APPLICABLE,NONE_GLOBAL,STATIC_INVENTORY_TEST_MAPPING_REQUIRED
/api/eleve/questionnaire-maths-premiere-stage-printemps,GET,PRIVATE_GUARD_PATTERN_FOUND,ELEVE,requireRole,API_EXCLUDED_BY_MATCHER,GUARD_PATTERN_FOUND,NONE_FOUND,NONE_FOUND,NOT_APPLICABLE_OR_REVIEW_REQUIRED,NONE,NOT_APPLICABLE,NONE_GLOBAL,STATIC_INVENTORY_TEST_MAPPING_REQUIRED
/api/eleve/questionnaire-maths-premiere-stage-printemps,POST,PRIVATE_GUARD_PATTERN_FOUND,ELEVE,requireRole,API_EXCLUDED_BY_MATCHER,GUARD_PATTERN_FOUND,NONE_FOUND,NONE_FOUND,NOT_APPLICABLE_OR_REVIEW_REQUIRED,NONE,NOT_APPLICABLE,NONE_GLOBAL,STATIC_INVENTORY_TEST_MAPPING_REQUIRED
/api/eleve/stages,GET,PRIVATE_GUARD_PATTERN_FOUND,ELEVE,requireRole,API_EXCLUDED_BY_MATCHER,GUARD_PATTERN_FOUND,NONE_FOUND,NONE_FOUND,NOT_APPLICABLE_OR_REVIEW_REQUIRED,NONE,NOT_APPLICABLE,NONE_GLOBAL,STATIC_INVENTORY_TEST_MAPPING_REQUIRED
/api/health,GET,PUBLIC_OR_UNGUARDED_REVIEW_REQUIRED,NONE_EXPLICIT,NONE_FOUND,API_EXCLUDED_BY_MATCHER,NONE_FOUND,NONE_FOUND,NONE_FOUND,NOT_APPLICABLE_OR_REVIEW_REQUIRED,NONE,NOT_APPLICABLE,NONE_GLOBAL,STATIC_INVENTORY_TEST_MAPPING_REQUIRED
/api/internal/health,GET,PUBLIC_OR_UNGUARDED_REVIEW_REQUIRED,NONE_EXPLICIT,NONE_FOUND,API_EXCLUDED_BY_MATCHER,NONE_FOUND,NONE_FOUND,CHECK_FOUND,NOT_APPLICABLE_OR_REVIEW_REQUIRED,NONE,NOT_APPLICABLE,NONE_GLOBAL,STATIC_INVENTORY_TEST_MAPPING_REQUIRED
/api/invoices/[id]/pdf,GET,PRIVATE_GUARD_PATTERN_FOUND,AUTHENTICATED_ROLE_CHECK_REVIEW,auth(),API_EXCLUDED_BY_MATCHER,GUARD_PATTERN_FOUND,NONE_FOUND,NONE_FOUND,RESOURCE_SCOPE_PATTERN_FOUND_REVIEW_REQUIRED,TOKEN_OTHER_OR_GENERIC,NOT_APPLICABLE,NONE_GLOBAL,STATIC_INVENTORY_TEST_MAPPING_REQUIRED
/api/invoices/[id]/receipt/pdf,GET,PRIVATE_GUARD_PATTERN_FOUND,AUTHENTICATED_ROLE_CHECK_REVIEW,auth(),API_EXCLUDED_BY_MATCHER,GUARD_PATTERN_FOUND,NONE_FOUND,NONE_FOUND,RESOURCE_SCOPE_PATTERN_FOUND_REVIEW_REQUIRED,NONE,NOT_APPLICABLE,NONE_GLOBAL,STATIC_INVENTORY_TEST_MAPPING_REQUIRED
/api/lamis/attempt,POST,PUBLIC_OR_UNGUARDED_REVIEW_REQUIRED,NONE_EXPLICIT,NONE_FOUND,API_EXCLUDED_BY_MATCHER,NONE_FOUND,NONE_FOUND,NONE_FOUND,NOT_APPLICABLE_OR_REVIEW_REQUIRED,NONE,NOT_APPLICABLE,NONE_GLOBAL,STATIC_INVENTORY_TEST_MAPPING_REQUIRED
/api/lamis/exercises,UNRESOLVED,PUBLIC_OR_UNGUARDED_REVIEW_REQUIRED,NONE_EXPLICIT,NONE_FOUND,API_EXCLUDED_BY_MATCHER,NONE_FOUND,NONE_FOUND,NONE_FOUND,NOT_APPLICABLE_OR_REVIEW_REQUIRED,NONE,NOT_APPLICABLE,NONE_GLOBAL,STATIC_INVENTORY_TEST_MAPPING_REQUIRED
/api/lamis/export,POST,PUBLIC_OR_UNGUARDED_REVIEW_REQUIRED,NONE_EXPLICIT,NONE_FOUND,API_EXCLUDED_BY_MATCHER,NONE_FOUND,NONE_FOUND,NONE_FOUND,NOT_APPLICABLE_OR_REVIEW_REQUIRED,NONE,NOT_APPLICABLE,NONE_GLOBAL,STATIC_INVENTORY_TEST_MAPPING_REQUIRED
/api/lamis/progress,POST,PUBLIC_OR_UNGUARDED_REVIEW_REQUIRED,NONE_EXPLICIT,NONE_FOUND,API_EXCLUDED_BY_MATCHER,NONE_FOUND,NONE_FOUND,NONE_FOUND,NOT_APPLICABLE_OR_REVIEW_REQUIRED,NONE,NOT_APPLICABLE,NONE_GLOBAL,STATIC_INVENTORY_TEST_MAPPING_REQUIRED
/api/me/next-step,GET,PRIVATE_GUARD_PATTERN_FOUND,AUTHENTICATED_ROLE_CHECK_REVIEW,auth(),API_EXCLUDED_BY_MATCHER,GUARD_PATTERN_FOUND,NONE_FOUND,NONE_FOUND,NOT_APPLICABLE_OR_REVIEW_REQUIRED,NONE,NOT_APPLICABLE,NONE_GLOBAL,STATIC_INVENTORY_TEST_MAPPING_REQUIRED
/api/messages/conversations,GET,PRIVATE_GUARD_PATTERN_FOUND,AUTHENTICATED_ROLE_CHECK_REVIEW,auth(),API_EXCLUDED_BY_MATCHER,GUARD_PATTERN_FOUND,NONE_FOUND,NONE_FOUND,NOT_APPLICABLE_OR_REVIEW_REQUIRED,NONE,NOT_APPLICABLE,NONE_GLOBAL,STATIC_INVENTORY_TEST_MAPPING_REQUIRED
/api/messages/send,POST,PRIVATE_GUARD_PATTERN_FOUND,AUTHENTICATED_ROLE_CHECK_REVIEW,auth(),API_EXCLUDED_BY_MATCHER,GUARD_PATTERN_FOUND,NONE_FOUND,NONE_FOUND,NOT_APPLICABLE_OR_REVIEW_REQUIRED,NONE,NOT_APPLICABLE,NONE_GLOBAL,STATIC_INVENTORY_TEST_MAPPING_REQUIRED
/api/newsletter,POST,PUBLIC_OR_UNGUARDED_REVIEW_REQUIRED,NONE_EXPLICIT,NONE_FOUND,API_EXCLUDED_BY_MATCHER,NONE_FOUND,NONE_FOUND,CHECK_FOUND,NOT_APPLICABLE_OR_REVIEW_REQUIRED,NONE,NOT_APPLICABLE,NONE_GLOBAL,STATIC_INVENTORY_TEST_MAPPING_REQUIRED
/api/notifications,GET,PRIVATE_GUARD_PATTERN_FOUND,AUTHENTICATED_ROLE_CHECK_REVIEW,auth(),API_EXCLUDED_BY_MATCHER,GUARD_PATTERN_FOUND,NONE_FOUND,NONE_FOUND,NOT_APPLICABLE_OR_REVIEW_REQUIRED,NONE,NOT_APPLICABLE,NONE_GLOBAL,STATIC_INVENTORY_TEST_MAPPING_REQUIRED
/api/notifications,PATCH,PRIVATE_GUARD_PATTERN_FOUND,AUTHENTICATED_ROLE_CHECK_REVIEW,auth(),API_EXCLUDED_BY_MATCHER,GUARD_PATTERN_FOUND,NONE_FOUND,NONE_FOUND,NOT_APPLICABLE_OR_REVIEW_REQUIRED,NONE,NOT_APPLICABLE,NONE_GLOBAL,STATIC_INVENTORY_TEST_MAPPING_REQUIRED
/api/notify/email,POST,PUBLIC_OR_UNGUARDED_REVIEW_REQUIRED,NONE_EXPLICIT,NONE_FOUND,API_EXCLUDED_BY_MATCHER,NONE_FOUND,CHECK_FOUND,CHECK_FOUND,NOT_APPLICABLE_OR_REVIEW_REQUIRED,NONE,NOT_APPLICABLE,NONE_GLOBAL,STATIC_INVENTORY_TEST_MAPPING_REQUIRED
/api/npc/files/[...path],GET,PRIVATE_GUARD_PATTERN_FOUND,AUTHENTICATED_ROLE_CHECK_REVIEW,auth(),API_EXCLUDED_BY_MATCHER,GUARD_PATTERN_FOUND,NONE_FOUND,NONE_FOUND,RESOURCE_SCOPE_PATTERN_FOUND_REVIEW_REQUIRED,NONE,NOT_APPLICABLE,NONE_GLOBAL,STATIC_INVENTORY_TEST_MAPPING_REQUIRED
/api/npc/submissions/[submissionId]/documents/[documentId],PATCH,PRIVATE_GUARD_PATTERN_FOUND,AUTHENTICATED_ROLE_CHECK_REVIEW,auth(),API_EXCLUDED_BY_MATCHER,GUARD_PATTERN_FOUND,NONE_FOUND,NONE_FOUND,RESOURCE_SCOPE_PATTERN_FOUND_REVIEW_REQUIRED,NONE,NOT_APPLICABLE,NONE_GLOBAL,STATIC_INVENTORY_TEST_MAPPING_REQUIRED
/api/npc/submissions/[submissionId]/documents/[documentId],DELETE,PRIVATE_GUARD_PATTERN_FOUND,AUTHENTICATED_ROLE_CHECK_REVIEW,auth(),API_EXCLUDED_BY_MATCHER,GUARD_PATTERN_FOUND,NONE_FOUND,NONE_FOUND,RESOURCE_SCOPE_PATTERN_FOUND_REVIEW_REQUIRED,NONE,NOT_APPLICABLE,NONE_GLOBAL,STATIC_INVENTORY_TEST_MAPPING_REQUIRED
/api/npc/submissions/[submissionId]/documents,GET,PRIVATE_GUARD_PATTERN_FOUND,AUTHENTICATED_ROLE_CHECK_REVIEW,auth(),API_EXCLUDED_BY_MATCHER,GUARD_PATTERN_FOUND,NONE_FOUND,NONE_FOUND,RESOURCE_SCOPE_PATTERN_FOUND_REVIEW_REQUIRED,NONE,NOT_APPLICABLE,NONE_GLOBAL,STATIC_INVENTORY_TEST_MAPPING_REQUIRED
/api/npc/submissions/[submissionId]/documents,POST,PRIVATE_GUARD_PATTERN_FOUND,AUTHENTICATED_ROLE_CHECK_REVIEW,auth(),API_EXCLUDED_BY_MATCHER,GUARD_PATTERN_FOUND,NONE_FOUND,NONE_FOUND,RESOURCE_SCOPE_PATTERN_FOUND_REVIEW_REQUIRED,NONE,NOT_APPLICABLE,NONE_GLOBAL,STATIC_INVENTORY_TEST_MAPPING_REQUIRED
/api/npc/submissions/[submissionId]/generate,POST,PRIVATE_GUARD_PATTERN_FOUND,AUTHENTICATED_ROLE_CHECK_REVIEW,auth(),API_EXCLUDED_BY_MATCHER,GUARD_PATTERN_FOUND,NONE_FOUND,NONE_FOUND,RESOURCE_SCOPE_PATTERN_FOUND_REVIEW_REQUIRED,NONE,NOT_APPLICABLE,NONE_GLOBAL,STATIC_INVENTORY_TEST_MAPPING_REQUIRED
/api/npc/submissions,POST,PRIVATE_GUARD_PATTERN_FOUND,AUTHENTICATED_ROLE_CHECK_REVIEW,auth(),API_EXCLUDED_BY_MATCHER,GUARD_PATTERN_FOUND,NONE_FOUND,NONE_FOUND,NOT_APPLICABLE_OR_REVIEW_REQUIRED,NONE,NOT_APPLICABLE,NONE_GLOBAL,STATIC_INVENTORY_TEST_MAPPING_REQUIRED
/api/npc/submissions,GET,PRIVATE_GUARD_PATTERN_FOUND,AUTHENTICATED_ROLE_CHECK_REVIEW,auth(),API_EXCLUDED_BY_MATCHER,GUARD_PATTERN_FOUND,NONE_FOUND,NONE_FOUND,NOT_APPLICABLE_OR_REVIEW_REQUIRED,NONE,NOT_APPLICABLE,NONE_GLOBAL,STATIC_INVENTORY_TEST_MAPPING_REQUIRED
/api/npc/uploads,POST,PRIVATE_GUARD_PATTERN_FOUND,COACH|ELEVE|PARENT,auth(),API_EXCLUDED_BY_MATCHER,GUARD_PATTERN_FOUND,NONE_FOUND,NONE_FOUND,NOT_APPLICABLE_OR_REVIEW_REQUIRED,NONE,NOT_APPLICABLE,NONE_GLOBAL,STATIC_INVENTORY_TEST_MAPPING_REQUIRED
/api/parent/bilans/[id]/pdf,GET,PRIVATE_GUARD_PATTERN_FOUND,PARENT,requireRole,API_EXCLUDED_BY_MATCHER,GUARD_PATTERN_FOUND,NONE_FOUND,NONE_FOUND,RESOURCE_SCOPE_PATTERN_FOUND_REVIEW_REQUIRED,NONE,NOT_APPLICABLE,NONE_GLOBAL,STATIC_INVENTORY_TEST_MAPPING_REQUIRED
/api/parent/children,GET,PRIVATE_GUARD_PATTERN_FOUND,AUTHENTICATED_ROLE_CHECK_REVIEW,auth(),API_EXCLUDED_BY_MATCHER,GUARD_PATTERN_FOUND,NONE_FOUND,NONE_FOUND,NOT_APPLICABLE_OR_REVIEW_REQUIRED,ACTIVATION|TOKEN_OTHER_OR_GENERIC,NOT_APPLICABLE,NONE_GLOBAL,STATIC_INVENTORY_TEST_MAPPING_REQUIRED
/api/parent/children,POST,PRIVATE_GUARD_PATTERN_FOUND,AUTHENTICATED_ROLE_CHECK_REVIEW,auth(),API_EXCLUDED_BY_MATCHER,GUARD_PATTERN_FOUND,NONE_FOUND,NONE_FOUND,NOT_APPLICABLE_OR_REVIEW_REQUIRED,ACTIVATION|TOKEN_OTHER_OR_GENERIC,NOT_APPLICABLE,NONE_GLOBAL,STATIC_INVENTORY_TEST_MAPPING_REQUIRED
/api/parent/credit-request,POST,PRIVATE_GUARD_PATTERN_FOUND,AUTHENTICATED_ROLE_CHECK_REVIEW,auth(),API_EXCLUDED_BY_MATCHER,GUARD_PATTERN_FOUND,NONE_FOUND,NONE_FOUND,NOT_APPLICABLE_OR_REVIEW_REQUIRED,NONE,NOT_APPLICABLE,NONE_GLOBAL,STATIC_INVENTORY_TEST_MAPPING_REQUIRED
/api/parent/dashboard,GET,PRIVATE_GUARD_PATTERN_FOUND,AUTHENTICATED_ROLE_CHECK_REVIEW,auth(),API_EXCLUDED_BY_MATCHER,GUARD_PATTERN_FOUND,NONE_FOUND,NONE_FOUND,NOT_APPLICABLE_OR_REVIEW_REQUIRED,NONE,NOT_APPLICABLE,NONE_GLOBAL,STATIC_INVENTORY_TEST_MAPPING_REQUIRED
/api/parent/stages,GET,PRIVATE_GUARD_PATTERN_FOUND,PARENT,requireRole,API_EXCLUDED_BY_MATCHER,GUARD_PATTERN_FOUND,NONE_FOUND,NONE_FOUND,NOT_APPLICABLE_OR_REVIEW_REQUIRED,NONE,NOT_APPLICABLE,NONE_GLOBAL,STATIC_INVENTORY_TEST_MAPPING_REQUIRED
/api/parent/subscription-requests,POST,PRIVATE_GUARD_PATTERN_FOUND,AUTHENTICATED_ROLE_CHECK_REVIEW,auth(),API_EXCLUDED_BY_MATCHER,GUARD_PATTERN_FOUND,NONE_FOUND,NONE_FOUND,NOT_APPLICABLE_OR_REVIEW_REQUIRED,NONE,NOT_APPLICABLE,NONE_GLOBAL,STATIC_INVENTORY_TEST_MAPPING_REQUIRED
/api/parent/subscription-requests,GET,PRIVATE_GUARD_PATTERN_FOUND,AUTHENTICATED_ROLE_CHECK_REVIEW,auth(),API_EXCLUDED_BY_MATCHER,GUARD_PATTERN_FOUND,NONE_FOUND,NONE_FOUND,NOT_APPLICABLE_OR_REVIEW_REQUIRED,NONE,NOT_APPLICABLE,NONE_GLOBAL,STATIC_INVENTORY_TEST_MAPPING_REQUIRED
/api/parent/subscriptions,GET,PRIVATE_GUARD_PATTERN_FOUND,AUTHENTICATED_ROLE_CHECK_REVIEW,auth(),API_EXCLUDED_BY_MATCHER,GUARD_PATTERN_FOUND,NONE_FOUND,NONE_FOUND,NOT_APPLICABLE_OR_REVIEW_REQUIRED,NONE,NOT_APPLICABLE,NONE_GLOBAL,STATIC_INVENTORY_TEST_MAPPING_REQUIRED
/api/parent/subscriptions,POST,PRIVATE_GUARD_PATTERN_FOUND,AUTHENTICATED_ROLE_CHECK_REVIEW,auth(),API_EXCLUDED_BY_MATCHER,GUARD_PATTERN_FOUND,NONE_FOUND,NONE_FOUND,NOT_APPLICABLE_OR_REVIEW_REQUIRED,NONE,NOT_APPLICABLE,NONE_GLOBAL,STATIC_INVENTORY_TEST_MAPPING_REQUIRED
/api/payments/bank-transfer/confirm,POST,PRIVATE_GUARD_PATTERN_FOUND,AUTHENTICATED_ROLE_CHECK_REVIEW,auth(),API_EXCLUDED_BY_MATCHER,GUARD_PATTERN_FOUND,NONE_FOUND,NONE_FOUND,NOT_APPLICABLE_OR_REVIEW_REQUIRED,NONE,NOT_APPLICABLE,NONE_GLOBAL,STATIC_INVENTORY_TEST_MAPPING_REQUIRED
/api/payments/check-pending,GET,PRIVATE_GUARD_PATTERN_FOUND,AUTHENTICATED_ROLE_CHECK_REVIEW,auth(),API_EXCLUDED_BY_MATCHER,GUARD_PATTERN_FOUND,NONE_FOUND,NONE_FOUND,NOT_APPLICABLE_OR_REVIEW_REQUIRED,NONE,NOT_APPLICABLE,NONE_GLOBAL,STATIC_INVENTORY_TEST_MAPPING_REQUIRED
/api/payments/clictopay/init,POST,PRIVATE_GUARD_PATTERN_FOUND,ADMIN|ASSISTANTE|PARENT,requireAnyRole,API_EXCLUDED_BY_MATCHER,GUARD_PATTERN_FOUND,NONE_FOUND,NONE_FOUND,NOT_APPLICABLE_OR_REVIEW_REQUIRED,NONE,NOT_APPLICABLE,NONE_GLOBAL,STATIC_INVENTORY_TEST_MAPPING_REQUIRED
/api/payments/clictopay/webhook,POST,PUBLIC_OR_UNGUARDED_REVIEW_REQUIRED,NONE_EXPLICIT,NONE_FOUND,API_EXCLUDED_BY_MATCHER,NONE_FOUND,NONE_FOUND,NONE_FOUND,NOT_APPLICABLE_OR_REVIEW_REQUIRED,NONE,NOT_APPLICABLE,NONE_GLOBAL,STATIC_INVENTORY_TEST_MAPPING_REQUIRED
/api/payments/pending,GET,PRIVATE_GUARD_PATTERN_FOUND,AUTHENTICATED_ROLE_CHECK_REVIEW,auth(),API_EXCLUDED_BY_MATCHER,GUARD_PATTERN_FOUND,NONE_FOUND,NONE_FOUND,NOT_APPLICABLE_OR_REVIEW_REQUIRED,NONE,NOT_APPLICABLE,NONE_GLOBAL,STATIC_INVENTORY_TEST_MAPPING_REQUIRED
/api/payments/validate,POST,PRIVATE_GUARD_PATTERN_FOUND,AUTHENTICATED_ROLE_CHECK_REVIEW,auth(),API_EXCLUDED_BY_MATCHER,GUARD_PATTERN_FOUND,NONE_FOUND,NONE_FOUND,NOT_APPLICABLE_OR_REVIEW_REQUIRED,ACTIVATION,NOT_APPLICABLE,NONE_GLOBAL,STATIC_INVENTORY_TEST_MAPPING_REQUIRED
/api/programme/maths-1ere-stmg/progress,POST,PRIVATE_GUARD_PATTERN_FOUND,AUTHENTICATED_ROLE_CHECK_REVIEW,auth(),API_EXCLUDED_BY_MATCHER,GUARD_PATTERN_FOUND,NONE_FOUND,NONE_FOUND,NOT_APPLICABLE_OR_REVIEW_REQUIRED,NONE,NOT_APPLICABLE,NONE_GLOBAL,STATIC_INVENTORY_TEST_MAPPING_REQUIRED
/api/programme/maths-1ere-stmg/progress,GET,PRIVATE_GUARD_PATTERN_FOUND,AUTHENTICATED_ROLE_CHECK_REVIEW,auth(),API_EXCLUDED_BY_MATCHER,GUARD_PATTERN_FOUND,NONE_FOUND,NONE_FOUND,NOT_APPLICABLE_OR_REVIEW_REQUIRED,NONE,NOT_APPLICABLE,NONE_GLOBAL,STATIC_INVENTORY_TEST_MAPPING_REQUIRED
/api/programme/maths-1ere-stmg/rag,POST,PRIVATE_GUARD_PATTERN_FOUND,AUTHENTICATED_ROLE_CHECK_REVIEW,auth(),API_EXCLUDED_BY_MATCHER,GUARD_PATTERN_FOUND,NONE_FOUND,NONE_FOUND,NOT_APPLICABLE_OR_REVIEW_REQUIRED,NONE,NOT_APPLICABLE,NONE_GLOBAL,STATIC_INVENTORY_TEST_MAPPING_REQUIRED
/api/programme/maths-1ere-stmg/stage-progress,GET,PRIVATE_GUARD_PATTERN_FOUND,AUTHENTICATED_ROLE_CHECK_REVIEW,auth(),API_EXCLUDED_BY_MATCHER,GUARD_PATTERN_FOUND,NONE_FOUND,NONE_FOUND,NOT_APPLICABLE_OR_REVIEW_REQUIRED,NONE,NOT_APPLICABLE,NONE_GLOBAL,STATIC_INVENTORY_TEST_MAPPING_REQUIRED
/api/programme/maths-1ere-stmg/stage-progress,POST,PRIVATE_GUARD_PATTERN_FOUND,AUTHENTICATED_ROLE_CHECK_REVIEW,auth(),API_EXCLUDED_BY_MATCHER,GUARD_PATTERN_FOUND,NONE_FOUND,NONE_FOUND,NOT_APPLICABLE_OR_REVIEW_REQUIRED,NONE,NOT_APPLICABLE,NONE_GLOBAL,STATIC_INVENTORY_TEST_MAPPING_REQUIRED
/api/programme/maths-1ere/progress,POST,PRIVATE_GUARD_PATTERN_FOUND,AUTHENTICATED_ROLE_CHECK_REVIEW,auth(),API_EXCLUDED_BY_MATCHER,GUARD_PATTERN_FOUND,NONE_FOUND,NONE_FOUND,NOT_APPLICABLE_OR_REVIEW_REQUIRED,NONE,NOT_APPLICABLE,NONE_GLOBAL,STATIC_INVENTORY_TEST_MAPPING_REQUIRED
/api/programme/maths-1ere/progress,GET,PRIVATE_GUARD_PATTERN_FOUND,AUTHENTICATED_ROLE_CHECK_REVIEW,auth(),API_EXCLUDED_BY_MATCHER,GUARD_PATTERN_FOUND,NONE_FOUND,NONE_FOUND,NOT_APPLICABLE_OR_REVIEW_REQUIRED,NONE,NOT_APPLICABLE,NONE_GLOBAL,STATIC_INVENTORY_TEST_MAPPING_REQUIRED
/api/programme/maths-1ere/rag,POST,PRIVATE_GUARD_PATTERN_FOUND,AUTHENTICATED_ROLE_CHECK_REVIEW,auth(),API_EXCLUDED_BY_MATCHER,GUARD_PATTERN_FOUND,NONE_FOUND,NONE_FOUND,NOT_APPLICABLE_OR_REVIEW_REQUIRED,NONE,NOT_APPLICABLE,NONE_GLOBAL,STATIC_INVENTORY_TEST_MAPPING_REQUIRED
/api/programme/maths-terminale/progress,POST,PRIVATE_GUARD_PATTERN_FOUND,AUTHENTICATED_ROLE_CHECK_REVIEW,auth(),API_EXCLUDED_BY_MATCHER,GUARD_PATTERN_FOUND,NONE_FOUND,NONE_FOUND,NOT_APPLICABLE_OR_REVIEW_REQUIRED,NONE,NOT_APPLICABLE,NONE_GLOBAL,STATIC_INVENTORY_TEST_MAPPING_REQUIRED
/api/programme/maths-terminale/progress,GET,PRIVATE_GUARD_PATTERN_FOUND,AUTHENTICATED_ROLE_CHECK_REVIEW,auth(),API_EXCLUDED_BY_MATCHER,GUARD_PATTERN_FOUND,NONE_FOUND,NONE_FOUND,NOT_APPLICABLE_OR_REVIEW_REQUIRED,NONE,NOT_APPLICABLE,NONE_GLOBAL,STATIC_INVENTORY_TEST_MAPPING_REQUIRED
/api/public-documents/corrige-dnb-maths-2026,GET,PUBLIC_OR_UNGUARDED_REVIEW_REQUIRED,NONE_EXPLICIT,NONE_FOUND,API_EXCLUDED_BY_MATCHER,NONE_FOUND,NONE_FOUND,NONE_FOUND,NOT_APPLICABLE_OR_REVIEW_REQUIRED,NONE,NOT_APPLICABLE,NONE_GLOBAL,STATIC_INVENTORY_TEST_MAPPING_REQUIRED
/api/reservation,POST,PRIVATE_GUARD_PATTERN_FOUND,AUTHENTICATED_ROLE_CHECK_REVIEW,auth(),API_EXCLUDED_BY_MATCHER,GUARD_PATTERN_FOUND,CHECK_FOUND,CHECK_FOUND,NOT_APPLICABLE_OR_REVIEW_REQUIRED,NONE,NOT_APPLICABLE,NONE_GLOBAL,STATIC_INVENTORY_TEST_MAPPING_REQUIRED
/api/reservation,GET,PRIVATE_GUARD_PATTERN_FOUND,AUTHENTICATED_ROLE_CHECK_REVIEW,auth(),API_EXCLUDED_BY_MATCHER,GUARD_PATTERN_FOUND,CHECK_FOUND,CHECK_FOUND,NOT_APPLICABLE_OR_REVIEW_REQUIRED,NONE,NOT_APPLICABLE,NONE_GLOBAL,STATIC_INVENTORY_TEST_MAPPING_REQUIRED
/api/reservation,PATCH,PRIVATE_GUARD_PATTERN_FOUND,AUTHENTICATED_ROLE_CHECK_REVIEW,auth(),API_EXCLUDED_BY_MATCHER,GUARD_PATTERN_FOUND,CHECK_FOUND,CHECK_FOUND,NOT_APPLICABLE_OR_REVIEW_REQUIRED,NONE,NOT_APPLICABLE,NONE_GLOBAL,STATIC_INVENTORY_TEST_MAPPING_REQUIRED
/api/reservation/verify,POST,PUBLIC_OR_UNGUARDED_REVIEW_REQUIRED,NONE_EXPLICIT,NONE_FOUND,API_EXCLUDED_BY_MATCHER,NONE_FOUND,NONE_FOUND,NONE_FOUND,NOT_APPLICABLE_OR_REVIEW_REQUIRED,NONE,NOT_APPLICABLE,NONE_GLOBAL,STATIC_INVENTORY_TEST_MAPPING_REQUIRED
/api/sessions/book,POST,PRIVATE_GUARD_PATTERN_FOUND,ELEVE|PARENT,requireAnyRole,API_EXCLUDED_BY_MATCHER,GUARD_PATTERN_FOUND,NONE_FOUND,CHECK_FOUND,NOT_APPLICABLE_OR_REVIEW_REQUIRED,NONE,NOT_APPLICABLE,NONE_GLOBAL,STATIC_INVENTORY_TEST_MAPPING_REQUIRED
/api/sessions/cancel,POST,PRIVATE_GUARD_PATTERN_FOUND,ASSISTANTE|COACH|ELEVE,requireAnyRole,API_EXCLUDED_BY_MATCHER,GUARD_PATTERN_FOUND,NONE_FOUND,CHECK_FOUND,NOT_APPLICABLE_OR_REVIEW_REQUIRED,NONE,NOT_APPLICABLE,NONE_GLOBAL,STATIC_INVENTORY_TEST_MAPPING_REQUIRED
/api/sessions/video,POST,PRIVATE_GUARD_PATTERN_FOUND,AUTHENTICATED_ROLE_CHECK_REVIEW,auth(),API_EXCLUDED_BY_MATCHER,GUARD_PATTERN_FOUND,NONE_FOUND,CHECK_FOUND,NOT_APPLICABLE_OR_REVIEW_REQUIRED,NONE,NOT_APPLICABLE,NONE_GLOBAL,STATIC_INVENTORY_TEST_MAPPING_REQUIRED
/api/stages/[stageSlug]/bilans,GET,PRIVATE_GUARD_PATTERN_FOUND,ADMIN|ASSISTANTE|COACH,requireAnyRole,API_EXCLUDED_BY_MATCHER,GUARD_PATTERN_FOUND,NONE_FOUND,NONE_FOUND,RESOURCE_SCOPE_PATTERN_FOUND_REVIEW_REQUIRED,NONE,NOT_APPLICABLE,NONE_GLOBAL,STATIC_INVENTORY_TEST_MAPPING_REQUIRED
/api/stages/[stageSlug]/bilans,POST,PRIVATE_GUARD_PATTERN_FOUND,ADMIN|ASSISTANTE|COACH,requireAnyRole,API_EXCLUDED_BY_MATCHER,GUARD_PATTERN_FOUND,NONE_FOUND,NONE_FOUND,RESOURCE_SCOPE_PATTERN_FOUND_REVIEW_REQUIRED,NONE,NOT_APPLICABLE,NONE_GLOBAL,STATIC_INVENTORY_TEST_MAPPING_REQUIRED
/api/stages/[stageSlug]/inscrire,POST,PUBLIC_OR_UNGUARDED_REVIEW_REQUIRED,NONE_EXPLICIT,NONE_FOUND,API_EXCLUDED_BY_MATCHER,NONE_FOUND,NONE_FOUND,CHECK_FOUND,DYNAMIC_RESOURCE_SCOPE_NOT_PROVEN,NONE,NOT_APPLICABLE,NONE_GLOBAL,STATIC_INVENTORY_TEST_MAPPING_REQUIRED
/api/stages/[stageSlug]/reservations/[reservationId]/confirm,POST,PRIVATE_GUARD_PATTERN_FOUND,ADMIN|ASSISTANTE,requireAnyRole,API_EXCLUDED_BY_MATCHER,GUARD_PATTERN_FOUND,NONE_FOUND,NONE_FOUND,RESOURCE_SCOPE_PATTERN_FOUND_REVIEW_REQUIRED,ACTIVATION|TOKEN_OTHER_OR_GENERIC,NOT_APPLICABLE,NONE_GLOBAL,STATIC_INVENTORY_TEST_MAPPING_REQUIRED
/api/stages/[stageSlug]/reservations,GET,PRIVATE_GUARD_PATTERN_FOUND,ADMIN|ASSISTANTE,requireAnyRole,API_EXCLUDED_BY_MATCHER,GUARD_PATTERN_FOUND,NONE_FOUND,NONE_FOUND,DYNAMIC_RESOURCE_SCOPE_NOT_PROVEN,NONE,NOT_APPLICABLE,NONE_GLOBAL,STATIC_INVENTORY_TEST_MAPPING_REQUIRED
/api/stages/[stageSlug],GET,PUBLIC_OR_UNGUARDED_REVIEW_REQUIRED,NONE_EXPLICIT,NONE_FOUND,API_EXCLUDED_BY_MATCHER,NONE_FOUND,NONE_FOUND,NONE_FOUND,DYNAMIC_RESOURCE_SCOPE_NOT_PROVEN,NONE,NOT_APPLICABLE,NONE_GLOBAL,STATIC_INVENTORY_TEST_MAPPING_REQUIRED
/api/stages,GET,PUBLIC_OR_UNGUARDED_REVIEW_REQUIRED,NONE_EXPLICIT,NONE_FOUND,API_EXCLUDED_BY_MATCHER,NONE_FOUND,NONE_FOUND,NONE_FOUND,NOT_APPLICABLE_OR_REVIEW_REQUIRED,NONE,NOT_APPLICABLE,NONE_GLOBAL,STATIC_INVENTORY_TEST_MAPPING_REQUIRED
/api/student/activate,GET,PUBLIC_OR_UNGUARDED_REVIEW_REQUIRED,NONE_EXPLICIT,NONE_FOUND,API_EXCLUDED_BY_MATCHER,NONE_FOUND,NONE_FOUND,CHECK_FOUND,NOT_APPLICABLE_OR_REVIEW_REQUIRED,ACTIVATION|TOKEN_OTHER_OR_GENERIC,NOT_APPLICABLE,NONE_GLOBAL,STATIC_INVENTORY_TEST_MAPPING_REQUIRED
/api/student/activate,POST,PUBLIC_OR_UNGUARDED_REVIEW_REQUIRED,NONE_EXPLICIT,NONE_FOUND,API_EXCLUDED_BY_MATCHER,NONE_FOUND,NONE_FOUND,CHECK_FOUND,NOT_APPLICABLE_OR_REVIEW_REQUIRED,ACTIVATION|TOKEN_OTHER_OR_GENERIC,NOT_APPLICABLE,NONE_GLOBAL,STATIC_INVENTORY_TEST_MAPPING_REQUIRED
/api/student/automatismes/attempts/[id],GET,PRIVATE_GUARD_PATTERN_FOUND,AUTHENTICATED_ROLE_CHECK_REVIEW,auth(),API_EXCLUDED_BY_MATCHER,GUARD_PATTERN_FOUND,NONE_FOUND,NONE_FOUND,RESOURCE_SCOPE_PATTERN_FOUND_REVIEW_REQUIRED,NONE,NOT_APPLICABLE,NONE_GLOBAL,STATIC_INVENTORY_TEST_MAPPING_REQUIRED
/api/student/automatismes/attempts,POST,PRIVATE_GUARD_PATTERN_FOUND,AUTHENTICATED_ROLE_CHECK_REVIEW,auth(),API_EXCLUDED_BY_MATCHER,GUARD_PATTERN_FOUND,NONE_FOUND,NONE_FOUND,NOT_APPLICABLE_OR_REVIEW_REQUIRED,NONE,NOT_APPLICABLE,NONE_GLOBAL,STATIC_INVENTORY_TEST_MAPPING_REQUIRED
/api/student/automatismes/attempts,GET,PRIVATE_GUARD_PATTERN_FOUND,AUTHENTICATED_ROLE_CHECK_REVIEW,auth(),API_EXCLUDED_BY_MATCHER,GUARD_PATTERN_FOUND,NONE_FOUND,NONE_FOUND,NOT_APPLICABLE_OR_REVIEW_REQUIRED,NONE,NOT_APPLICABLE,NONE_GLOBAL,STATIC_INVENTORY_TEST_MAPPING_REQUIRED
/api/student/automatismes/check-answer,POST,PRIVATE_GUARD_PATTERN_FOUND,AUTHENTICATED_ROLE_CHECK_REVIEW,auth(),API_EXCLUDED_BY_MATCHER,GUARD_PATTERN_FOUND,NONE_FOUND,NONE_FOUND,NOT_APPLICABLE_OR_REVIEW_REQUIRED,NONE,NOT_APPLICABLE,NONE_GLOBAL,STATIC_INVENTORY_TEST_MAPPING_REQUIRED
/api/student/automatismes/series/[id],GET,PRIVATE_GUARD_PATTERN_FOUND,AUTHENTICATED_ROLE_CHECK_REVIEW,auth(),API_EXCLUDED_BY_MATCHER,GUARD_PATTERN_FOUND,NONE_FOUND,NONE_FOUND,DYNAMIC_RESOURCE_SCOPE_NOT_PROVEN,NONE,NOT_APPLICABLE,NONE_GLOBAL,STATIC_INVENTORY_TEST_MAPPING_REQUIRED
/api/student/automatismes/series,GET,PRIVATE_GUARD_PATTERN_FOUND,AUTHENTICATED_ROLE_CHECK_REVIEW,auth(),API_EXCLUDED_BY_MATCHER,GUARD_PATTERN_FOUND,NONE_FOUND,NONE_FOUND,NOT_APPLICABLE_OR_REVIEW_REQUIRED,NONE,NOT_APPLICABLE,NONE_GLOBAL,STATIC_INVENTORY_TEST_MAPPING_REQUIRED
/api/student/bilans/[publicShareId],GET,PRIVATE_GUARD_PATTERN_FOUND,ELEVE,requireRole,API_EXCLUDED_BY_MATCHER,GUARD_PATTERN_FOUND,NONE_FOUND,NONE_FOUND,RESOURCE_SCOPE_PATTERN_FOUND_REVIEW_REQUIRED,NONE,NOT_APPLICABLE,NONE_GLOBAL,STATIC_INVENTORY_TEST_MAPPING_REQUIRED
/api/student/credits,GET,PRIVATE_GUARD_PATTERN_FOUND,ELEVE,requireRole,API_EXCLUDED_BY_MATCHER,GUARD_PATTERN_FOUND,NONE_FOUND,CHECK_FOUND,NOT_APPLICABLE_OR_REVIEW_REQUIRED,NONE,NOT_APPLICABLE,NONE_GLOBAL,STATIC_INVENTORY_TEST_MAPPING_REQUIRED
/api/student/dashboard,GET,PRIVATE_GUARD_PATTERN_FOUND,ELEVE,requireRole,API_EXCLUDED_BY_MATCHER,GUARD_PATTERN_FOUND,NONE_FOUND,NONE_FOUND,NOT_APPLICABLE_OR_REVIEW_REQUIRED,NONE,NOT_APPLICABLE,NONE_GLOBAL,STATIC_INVENTORY_TEST_MAPPING_REQUIRED
/api/student/documents/[id]/download,GET,PRIVATE_GUARD_PATTERN_FOUND,ELEVE,requireRole,API_EXCLUDED_BY_MATCHER,GUARD_PATTERN_FOUND,NONE_FOUND,NONE_FOUND,RESOURCE_SCOPE_PATTERN_FOUND_REVIEW_REQUIRED,NONE,NOT_APPLICABLE,NONE_GLOBAL,STATIC_INVENTORY_TEST_MAPPING_REQUIRED
/api/student/documents,GET,PRIVATE_GUARD_PATTERN_FOUND,AUTHENTICATED_ROLE_CHECK_REVIEW,auth(),API_EXCLUDED_BY_MATCHER,GUARD_PATTERN_FOUND,NONE_FOUND,NONE_FOUND,NOT_APPLICABLE_OR_REVIEW_REQUIRED,NONE,NOT_APPLICABLE,NONE_GLOBAL,STATIC_INVENTORY_TEST_MAPPING_REQUIRED
/api/student/nexus-index,GET,PRIVATE_GUARD_PATTERN_FOUND,AUTHENTICATED_ROLE_CHECK_REVIEW,auth(),API_EXCLUDED_BY_MATCHER,GUARD_PATTERN_FOUND,NONE_FOUND,NONE_FOUND,NOT_APPLICABLE_OR_REVIEW_REQUIRED,NONE,NOT_APPLICABLE,NONE_GLOBAL,STATIC_INVENTORY_TEST_MAPPING_REQUIRED
/api/student/resources/official/[slug],GET,PRIVATE_GUARD_PATTERN_FOUND,ELEVE,requireRole,API_EXCLUDED_BY_MATCHER,GUARD_PATTERN_FOUND,NONE_FOUND,NONE_FOUND,RESOURCE_SCOPE_PATTERN_FOUND_REVIEW_REQUIRED,NONE,NOT_APPLICABLE,NONE_GLOBAL,STATIC_INVENTORY_TEST_MAPPING_REQUIRED
/api/student/resources,GET,PRIVATE_GUARD_PATTERN_FOUND,AUTHENTICATED_ROLE_CHECK_REVIEW,auth(),API_EXCLUDED_BY_MATCHER,GUARD_PATTERN_FOUND,NONE_FOUND,NONE_FOUND,NOT_APPLICABLE_OR_REVIEW_REQUIRED,NONE,NOT_APPLICABLE,NONE_GLOBAL,STATIC_INVENTORY_TEST_MAPPING_REQUIRED
/api/student/sessions,GET,PRIVATE_GUARD_PATTERN_FOUND,ELEVE,requireRole,API_EXCLUDED_BY_MATCHER,GUARD_PATTERN_FOUND,NONE_FOUND,CHECK_FOUND,NOT_APPLICABLE_OR_REVIEW_REQUIRED,NONE,NOT_APPLICABLE,NONE_GLOBAL,STATIC_INVENTORY_TEST_MAPPING_REQUIRED
/api/student/stages,GET,PRIVATE_GUARD_PATTERN_FOUND,ELEVE,requireRole,API_EXCLUDED_BY_MATCHER,GUARD_PATTERN_FOUND,NONE_FOUND,NONE_FOUND,NOT_APPLICABLE_OR_REVIEW_REQUIRED,NONE,NOT_APPLICABLE,NONE_GLOBAL,STATIC_INVENTORY_TEST_MAPPING_REQUIRED
/api/student/survival/phrases/[phraseId]/copied,POST,PRIVATE_GUARD_PATTERN_FOUND,AUTHENTICATED_ROLE_CHECK_REVIEW,auth(),API_EXCLUDED_BY_MATCHER,GUARD_PATTERN_FOUND,NONE_FOUND,NONE_FOUND,RESOURCE_SCOPE_PATTERN_FOUND_REVIEW_REQUIRED,NONE,NOT_APPLICABLE,NONE_GLOBAL,STATIC_INVENTORY_TEST_MAPPING_REQUIRED
/api/student/survival/progress,GET,PRIVATE_GUARD_PATTERN_FOUND,AUTHENTICATED_ROLE_CHECK_REVIEW,auth(),API_EXCLUDED_BY_MATCHER,GUARD_PATTERN_FOUND,NONE_FOUND,NONE_FOUND,NOT_APPLICABLE_OR_REVIEW_REQUIRED,NONE,NOT_APPLICABLE,NONE_GLOBAL,STATIC_INVENTORY_TEST_MAPPING_REQUIRED
/api/student/survival/progress,POST,PRIVATE_GUARD_PATTERN_FOUND,AUTHENTICATED_ROLE_CHECK_REVIEW,auth(),API_EXCLUDED_BY_MATCHER,GUARD_PATTERN_FOUND,NONE_FOUND,NONE_FOUND,NOT_APPLICABLE_OR_REVIEW_REQUIRED,NONE,NOT_APPLICABLE,NONE_GLOBAL,STATIC_INVENTORY_TEST_MAPPING_REQUIRED
/api/student/survival/qcm/attempt,POST,PRIVATE_GUARD_PATTERN_FOUND,AUTHENTICATED_ROLE_CHECK_REVIEW,auth(),API_EXCLUDED_BY_MATCHER,GUARD_PATTERN_FOUND,NONE_FOUND,NONE_FOUND,NOT_APPLICABLE_OR_REVIEW_REQUIRED,NONE,NOT_APPLICABLE,NONE_GLOBAL,STATIC_INVENTORY_TEST_MAPPING_REQUIRED
/api/student/survival/reflexes/[reflexId]/attempt,POST,PRIVATE_GUARD_PATTERN_FOUND,AUTHENTICATED_ROLE_CHECK_REVIEW,auth(),API_EXCLUDED_BY_MATCHER,GUARD_PATTERN_FOUND,NONE_FOUND,NONE_FOUND,RESOURCE_SCOPE_PATTERN_FOUND_REVIEW_REQUIRED,NONE,NOT_APPLICABLE,NONE_GLOBAL,STATIC_INVENTORY_TEST_MAPPING_REQUIRED
/api/student/survival/ritual,GET,PRIVATE_GUARD_PATTERN_FOUND,AUTHENTICATED_ROLE_CHECK_REVIEW,auth(),API_EXCLUDED_BY_MATCHER,GUARD_PATTERN_FOUND,NONE_FOUND,NONE_FOUND,NOT_APPLICABLE_OR_REVIEW_REQUIRED,NONE,NOT_APPLICABLE,NONE_GLOBAL,STATIC_INVENTORY_TEST_MAPPING_REQUIRED
/api/student/trajectory,GET,PRIVATE_GUARD_PATTERN_FOUND,AUTHENTICATED_ROLE_CHECK_REVIEW,auth(),API_EXCLUDED_BY_MATCHER,GUARD_PATTERN_FOUND,NONE_FOUND,NONE_FOUND,NOT_APPLICABLE_OR_REVIEW_REQUIRED,NONE,NOT_APPLICABLE,NONE_GLOBAL,STATIC_INVENTORY_TEST_MAPPING_REQUIRED
/api/students/[studentId]/badges,GET,PRIVATE_GUARD_PATTERN_FOUND,AUTHENTICATED_ROLE_CHECK_REVIEW,auth(),API_EXCLUDED_BY_MATCHER,GUARD_PATTERN_FOUND,NONE_FOUND,NONE_FOUND,RESOURCE_SCOPE_PATTERN_FOUND_REVIEW_REQUIRED,NONE,NOT_APPLICABLE,NONE_GLOBAL,STATIC_INVENTORY_TEST_MAPPING_REQUIRED
/api/subscriptions/aria-addon,POST,PUBLIC_OR_UNGUARDED_REVIEW_REQUIRED,NONE_EXPLICIT,NONE_FOUND,API_EXCLUDED_BY_MATCHER,NONE_FOUND,NONE_FOUND,NONE_FOUND,NOT_APPLICABLE_OR_REVIEW_REQUIRED,NONE,NOT_APPLICABLE,NONE_GLOBAL,STATIC_INVENTORY_TEST_MAPPING_REQUIRED
/api/subscriptions/change,POST,PUBLIC_OR_UNGUARDED_REVIEW_REQUIRED,NONE_EXPLICIT,NONE_FOUND,API_EXCLUDED_BY_MATCHER,NONE_FOUND,NONE_FOUND,NONE_FOUND,NOT_APPLICABLE_OR_REVIEW_REQUIRED,NONE,NOT_APPLICABLE,NONE_GLOBAL,STATIC_INVENTORY_TEST_MAPPING_REQUIRED
