pack,level,profile,eds,eaf_mode,instruments,candidate_pdfs,coach_keys,estimated_total_duration_min,pack_pages,archive,missing_pdfs,ready_to_send
P1_MATH-PC-NSI_EAF-ecrit-et-oral,Premiere,P1,MATH+PC+NSI,EAF-ecrit-et-oral,QP/standard MET/standard TC-ES/1RE FR-EAF/standard_2028 FR-EAF-ORAL/standard MATH-EA/SPE EDS-MATH/N1 EDS-PC/N1 EDS-NSI/N1 TC-HG/1RE TC-EMC/1RE FR-POS/standard FR-POS-ORAL/standard,10,11,610,71,audit-fixtures/combinaisons/Premiere/P1_MATH-PC-NSI_EAF-ecrit-et-oral.zip,,oui
P1_MATH-PC-SVT_EAF-ecrit-et-oral,Premiere,P1,MATH+PC+SVT,EAF-ecrit-et-oral,QP/standard MET/standard TC-ES/1RE FR-EAF/standard_2028 FR-EAF-ORAL/standard MATH-EA/SPE EDS-MATH/N1 EDS-PC/N1 EDS-SVT/N1 TC-HG/1RE TC-EMC/1RE FR-POS/standard FR-POS-ORAL/standard,10,11,610,71,audit-fixtures/combinaisons/Premiere/P1_MATH-PC-SVT_EAF-ecrit-et-oral.zip,,oui
P1_MATH-PC-SES_EAF-ecrit-et-oral,Premiere,P1,MATH+PC+SES,EAF-ecrit-et-oral,QP/standard MET/standard TC-ES/1RE FR-EAF/standard_2028 FR-EAF-ORAL/standard MATH-EA/SPE EDS-MATH/N1 EDS-PC/N1 EDS-SES/N1 TC-HG/1RE TC-EMC/1RE FR-POS/standard FR-POS-ORAL/standard,10,11,610,71,audit-fixtures/combinaisons/Premiere/P1_MATH-PC-SES_EAF-ecrit-et-oral.zip,,oui
P1_MATH-PC-HGGSP_EAF-ecrit-et-oral,Premiere,P1,MATH+PC+HGGSP,EAF-ecrit-et-oral,QP/standard MET/standard TC-ES/1RE FR-EAF/standard_2028 FR-EAF-ORAL/standard MATH-EA/SPE EDS-MATH/N1 EDS-PC/N1 EDS-HGGSP/N1 TC-HG/1RE TC-EMC/1RE FR-POS/standard FR-POS-ORAL/standard,10,11,610,71,audit-fixtures/combinaisons/Premiere/P1_MATH-PC-HGGSP_EAF-ecrit-et-oral.zip,,oui
P1_MATH-PC-HLP_EAF-ecrit-et-oral,Premiere,P1,MATH+PC+HLP,EAF-ecrit-et-oral,QP/standard MET/standard TC-ES/1RE FR-EAF/standard_2028 FR-EAF-ORAL/standard MATH-EA/SPE EDS-MATH/N1 EDS-PC/N1 EDS-HLP/N1 TC-HG/1RE TC-EMC/1RE FR-POS/standard FR-POS-ORAL/standard,10,11,610,70,audit-fixtures/combinaisons/Premiere/P1_MATH-PC-HLP_EAF-ecrit-et-oral.zip,,oui
P1_MATH-NSI-SVT_EAF-ecrit-et-oral,Premiere,P1,MATH+NSI+SVT,EAF-ecrit-et-oral,QP/standard MET/standard TC-ES/1RE FR-EAF/standard_2028 FR-EAF-ORAL/standard MATH-EA/SPE EDS-MATH/N1 EDS-NSI/N1 EDS-SVT/N1 TC-HG/1RE TC-EMC/1RE FR-POS/standard FR-POS-ORAL/standard,10,11,610,71,audit-fixtures/combinaisons/Premiere/P1_MATH-NSI-SVT_EAF-ecrit-et-oral.zip,,oui
P1_MATH-NSI-SES_EAF-ecrit-et-oral,Premiere,P1,MATH+NSI+SES,EAF-ecrit-et-oral,QP/standard MET/standard TC-ES/1RE FR-EAF/standard_2028 FR-EAF-ORAL/standard MATH-EA/SPE EDS-MATH/N1 EDS-NSI/N1 EDS-SES/N1 TC-HG/1RE TC-EMC/1RE FR-POS/standard FR-POS-ORAL/standard,10,11,610,71,audit-fixtures/combinaisons/Premiere/P1_MATH-NSI-SES_EAF-ecrit-et-oral.zip,,oui
P1_MATH-NSI-HGGSP_EAF-ecrit-et-oral,Premiere,P1,MATH+NSI+HGGSP,EAF-ecrit-et-oral,QP/standard MET/standard TC-ES/1RE FR-EAF/standard_2028 FR-EAF-ORAL/standard MATH-EA/SPE EDS-MATH/N1 EDS-NSI/N1 EDS-HGGSP/N1 TC-HG/1RE TC-EMC/1RE FR-POS/standard FR-POS-ORAL/standard,10,11,610,71,audit-fixtures/combinaisons/Premiere/P1_MATH-NSI-HGGSP_EAF-ecrit-et-oral.zip,,oui
P1_MATH-NSI-HLP_EAF-ecrit-et-oral,Premiere,P1,MATH+NSI+HLP,EAF-ecrit-et-oral,QP/standard MET/standard TC-ES/1RE FR-EAF/standard_2028 FR-EAF-ORAL/standard MATH-EA/SPE EDS-MATH/N1 EDS-NSI/N1 EDS-HLP/N1 TC-HG/1RE TC-EMC/1RE FR-POS/standard FR-POS-ORAL/standard,10,11,610,70,audit-fixtures/combinaisons/Premiere/P1_MATH-NSI-HLP_EAF-ecrit-et-oral.zip,,oui
P1_MATH-SVT-SES_EAF-ecrit-et-oral,Premiere,P1,MATH+SVT+SES,EAF-ecrit-et-oral,QP/standard MET/standard TC-ES/1RE FR-EAF/standard_2028 FR-EAF-ORAL/standard MATH-EA/SPE EDS-MATH/N1 EDS-SVT/N1 EDS-SES/N1 TC-HG/1RE TC-EMC/1RE FR-POS/standard FR-POS-ORAL/standard,10,11,610,71,audit-fixtures/combinaisons/Premiere/P1_MATH-SVT-SES_EAF-ecrit-et-oral.zip,,oui
P1_MATH-SVT-HGGSP_EAF-ecrit-et-oral,Premiere,P1,MATH+SVT+HGGSP,EAF-ecrit-et-oral,QP/standard MET/standard TC-ES/1RE FR-EAF/standard_2028 FR-EAF-ORAL/standard MATH-EA/SPE EDS-MATH/N1 EDS-SVT/N1 EDS-HGGSP/N1 TC-HG/1RE TC-EMC/1RE FR-POS/standard FR-POS-ORAL/standard,10,11,610,71,audit-fixtures/combinaisons/Premiere/P1_MATH-SVT-HGGSP_EAF-ecrit-et-oral.zip,,oui
P1_MATH-SVT-HLP_EAF-ecrit-et-oral,Premiere,P1,MATH+SVT+HLP,EAF-ecrit-et-oral,QP/standard MET/standard TC-ES/1RE FR-EAF/standard_2028 FR-EAF-ORAL/standard MATH-EA/SPE EDS-MATH/N1 EDS-SVT/N1 EDS-HLP/N1 TC-HG/1RE TC-EMC/1RE FR-POS/standard FR-POS-ORAL/standard,10,11,610,70,audit-fixtures/combinaisons/Premiere/P1_MATH-SVT-HLP_EAF-ecrit-et-oral.zip,,oui
P1_MATH-SES-HGGSP_EAF-ecrit-et-oral,Premiere,P1,MATH+SES+HGGSP,EAF-ecrit-et-oral,QP/standard MET/standard TC-ES/1RE FR-EAF/standard_2028 FR-EAF-ORAL/standard MATH-EA/SPE EDS-MATH/N1 EDS-SES/N1 EDS-HGGSP/N1 TC-HG/1RE TC-EMC/1RE FR-POS/standard FR-POS-ORAL/standard,10,11,610,71,audit-fixtures/combinaisons/Premiere/P1_MATH-SES-HGGSP_EAF-ecrit-et-oral.zip,,oui
P1_MATH-SES-HLP_EAF-ecrit-et-oral,Premiere,P1,MATH+SES+HLP,EAF-ecrit-et-oral,QP/standard MET/standard TC-ES/1RE FR-EAF/standard_2028 FR-EAF-ORAL/standard MATH-EA/SPE EDS-MATH/N1 EDS-SES/N1 EDS-HLP/N1 TC-HG/1RE TC-EMC/1RE FR-POS/standard FR-POS-ORAL/standard,10,11,610,70,audit-fixtures/combinaisons/Premiere/P1_MATH-SES-HLP_EAF-ecrit-et-oral.zip,,oui
P1_MATH-HGGSP-HLP_EAF-ecrit-et-oral,Premiere,P1,MATH+HGGSP+HLP,EAF-ecrit-et-oral,QP/standard MET/standard TC-ES/1RE FR-EAF/standard_2028 FR-EAF-ORAL/standard MATH-EA/SPE EDS-MATH/N1 EDS-HGGSP/N1 EDS-HLP/N1 TC-HG/1RE TC-EMC/1RE FR-POS/standard FR-POS-ORAL/standard,10,11,610,70,audit-fixtures/combinaisons/Premiere/P1_MATH-HGGSP-HLP_EAF-ecrit-et-oral.zip,,oui
P1_PC-NSI-SVT_EAF-ecrit-et-oral,Premiere,P1,PC+NSI+SVT,EAF-ecrit-et-oral,QP/standard MET/standard TC-ES/1RE FR-EAF/standard_2028 FR-EAF-ORAL/standard MATH-EA/SPECIFIQUES EDS-PC/N1 EDS-NSI/N1 EDS-SVT/N1 TC-HG/1RE TC-EMC/1RE FR-POS/standard FR-POS-ORAL/standard,10,11,610,73,audit-fixtures/combinaisons/Premiere/P1_PC-NSI-SVT_EAF-ecrit-et-oral.zip,,oui
P1_PC-NSI-SES_EAF-ecrit-et-oral,Premiere,P1,PC+NSI+SES,EAF-ecrit-et-oral,QP/standard MET/standard TC-ES/1RE FR-EAF/standard_2028 FR-EAF-ORAL/standard MATH-EA/SPECIFIQUES EDS-PC/N1 EDS-NSI/N1 EDS-SES/N1 TC-HG/1RE TC-EMC/1RE FR-POS/standard FR-POS-ORAL/standard,10,11,610,73,audit-fixtures/combinaisons/Premiere/P1_PC-NSI-SES_EAF-ecrit-et-oral.zip,,oui
P1_PC-NSI-HGGSP_EAF-ecrit-et-oral,Premiere,P1,PC+NSI+HGGSP,EAF-ecrit-et-oral,QP/standard MET/standard TC-ES/1RE FR-EAF/standard_2028 FR-EAF-ORAL/standard MATH-EA/SPECIFIQUES EDS-PC/N1 EDS-NSI/N1 EDS-HGGSP/N1 TC-HG/1RE TC-EMC/1RE FR-POS/standard FR-POS-ORAL/standard,10,11,610,73,audit-fixtures/combinaisons/Premiere/P1_PC-NSI-HGGSP_EAF-ecrit-et-oral.zip,,oui
P1_PC-NSI-HLP_EAF-ecrit-et-oral,Premiere,P1,PC+NSI+HLP,EAF-ecrit-et-oral,QP/standard MET/standard TC-ES/1RE FR-EAF/standard_2028 FR-EAF-ORAL/standard MATH-EA/SPECIFIQUES EDS-PC/N1 EDS-NSI/N1 EDS-HLP/N1 TC-HG/1RE TC-EMC/1RE FR-POS/standard FR-POS-ORAL/standard,10,11,610,72,audit-fixtures/combinaisons/Premiere/P1_PC-NSI-HLP_EAF-ecrit-et-oral.zip,,oui
P1_PC-SVT-SES_EAF-ecrit-et-oral,Premiere,P1,PC+SVT+SES,EAF-ecrit-et-oral,QP/standard MET/standard TC-ES/1RE FR-EAF/standard_2028 FR-EAF-ORAL/standard MATH-EA/SPECIFIQUES EDS-PC/N1 EDS-SVT/N1 EDS-SES/N1 TC-HG/1RE TC-EMC/1RE FR-POS/standard FR-POS-ORAL/standard,10,11,610,73,audit-fixtures/combinaisons/Premiere/P1_PC-SVT-SES_EAF-ecrit-et-oral.zip,,oui
P1_PC-SVT-HGGSP_EAF-ecrit-et-oral,Premiere,P1,PC+SVT+HGGSP,EAF-ecrit-et-oral,QP/standard MET/standard TC-ES/1RE FR-EAF/standard_2028 FR-EAF-ORAL/standard MATH-EA/SPECIFIQUES EDS-PC/N1 EDS-SVT/N1 EDS-HGGSP/N1 TC-HG/1RE TC-EMC/1RE FR-POS/standard FR-POS-ORAL/standard,10,11,610,73,audit-fixtures/combinaisons/Premiere/P1_PC-SVT-HGGSP_EAF-ecrit-et-oral.zip,,oui
P1_PC-SVT-HLP_EAF-ecrit-et-oral,Premiere,P1,PC+SVT+HLP,EAF-ecrit-et-oral,QP/standard MET/standard TC-ES/1RE FR-EAF/standard_2028 FR-EAF-ORAL/standard MATH-EA/SPECIFIQUES EDS-PC/N1 EDS-SVT/N1 EDS-HLP/N1 TC-HG/1RE TC-EMC/1RE FR-POS/standard FR-POS-ORAL/standard,10,11,610,72,audit-fixtures/combinaisons/Premiere/P1_PC-SVT-HLP_EAF-ecrit-et-oral.zip,,oui
P1_PC-SES-HGGSP_EAF-ecrit-et-oral,Premiere,P1,PC+SES+HGGSP,EAF-ecrit-et-oral,QP/standard MET/standard TC-ES/1RE FR-EAF/standard_2028 FR-EAF-ORAL/standard MATH-EA/SPECIFIQUES EDS-PC/N1 EDS-SES/N1 EDS-HGGSP/N1 TC-HG/1RE TC-EMC/1RE FR-POS/standard FR-POS-ORAL/standard,10,11,610,73,audit-fixtures/combinaisons/Premiere/P1_PC-SES-HGGSP_EAF-ecrit-et-oral.zip,,oui
P1_PC-SES-HLP_EAF-ecrit-et-oral,Premiere,P1,PC+SES+HLP,EAF-ecrit-et-oral,QP/standard MET/standard TC-ES/1RE FR-EAF/standard_2028 FR-EAF-ORAL/standard MATH-EA/SPECIFIQUES EDS-PC/N1 EDS-SES/N1 EDS-HLP/N1 TC-HG/1RE TC-EMC/1RE FR-POS/standard FR-POS-ORAL/standard,10,11,610,72,audit-fixtures/combinaisons/Premiere/P1_PC-SES-HLP_EAF-ecrit-et-oral.zip,,oui
P1_PC-HGGSP-HLP_EAF-ecrit-et-oral,Premiere,P1,PC+HGGSP+HLP,EAF-ecrit-et-oral,QP/standard MET/standard TC-ES/1RE FR-EAF/standard_2028 FR-EAF-ORAL/standard MATH-EA/SPECIFIQUES EDS-PC/N1 EDS-HGGSP/N1 EDS-HLP/N1 TC-HG/1RE TC-EMC/1RE FR-POS/standard FR-POS-ORAL/standard,10,11,610,72,audit-fixtures/combinaisons/Premiere/P1_PC-HGGSP-HLP_EAF-ecrit-et-oral.zip,,oui
P1_NSI-SVT-SES_EAF-ecrit-et-oral,Premiere,P1,NSI+SVT+SES,EAF-ecrit-et-oral,QP/standard MET/standard TC-ES/1RE FR-EAF/standard_2028 FR-EAF-ORAL/standard MATH-EA/SPECIFIQUES EDS-NSI/N1 EDS-SVT/N1 EDS-SES/N1 TC-HG/1RE TC-EMC/1RE FR-POS/standard FR-POS-ORAL/standard,10,11,610,73,audit-fixtures/combinaisons/Premiere/P1_NSI-SVT-SES_EAF-ecrit-et-oral.zip,,oui
P1_NSI-SVT-HGGSP_EAF-ecrit-et-oral,Premiere,P1,NSI+SVT+HGGSP,EAF-ecrit-et-oral,QP/standard MET/standard TC-ES/1RE FR-EAF/standard_2028 FR-EAF-ORAL/standard MATH-EA/SPECIFIQUES EDS-NSI/N1 EDS-SVT/N1 EDS-HGGSP/N1 TC-HG/1RE TC-EMC/1RE FR-POS/standard FR-POS-ORAL/standard,10,11,610,73,audit-fixtures/combinaisons/Premiere/P1_NSI-SVT-HGGSP_EAF-ecrit-et-oral.zip,,oui
P1_NSI-SVT-HLP_EAF-ecrit-et-oral,Premiere,P1,NSI+SVT+HLP,EAF-ecrit-et-oral,QP/standard MET/standard TC-ES/1RE FR-EAF/standard_2028 FR-EAF-ORAL/standard MATH-EA/SPECIFIQUES EDS-NSI/N1 EDS-SVT/N1 EDS-HLP/N1 TC-HG/1RE TC-EMC/1RE FR-POS/standard FR-POS-ORAL/standard,10,11,610,72,audit-fixtures/combinaisons/Premiere/P1_NSI-SVT-HLP_EAF-ecrit-et-oral.zip,,oui
P1_NSI-SES-HGGSP_EAF-ecrit-et-oral,Premiere,P1,NSI+SES+HGGSP,EAF-ecrit-et-oral,QP/standard MET/standard TC-ES/1RE FR-EAF/standard_2028 FR-EAF-ORAL/standard MATH-EA/SPECIFIQUES EDS-NSI/N1 EDS-SES/N1 EDS-HGGSP/N1 TC-HG/1RE TC-EMC/1RE FR-POS/standard FR-POS-ORAL/standard,10,11,610,73,audit-fixtures/combinaisons/Premiere/P1_NSI-SES-HGGSP_EAF-ecrit-et-oral.zip,,oui
P1_NSI-SES-HLP_EAF-ecrit-et-oral,Premiere,P1,NSI+SES+HLP,EAF-ecrit-et-oral,QP/standard MET/standard TC-ES/1RE FR-EAF/standard_2028 FR-EAF-ORAL/standard MATH-EA/SPECIFIQUES EDS-NSI/N1 EDS-SES/N1 EDS-HLP/N1 TC-HG/1RE TC-EMC/1RE FR-POS/standard FR-POS-ORAL/standard,10,11,610,72,audit-fixtures/combinaisons/Premiere/P1_NSI-SES-HLP_EAF-ecrit-et-oral.zip,,oui
P1_NSI-HGGSP-HLP_EAF-ecrit-et-oral,Premiere,P1,NSI+HGGSP+HLP,EAF-ecrit-et-oral,QP/standard MET/standard TC-ES/1RE FR-EAF/standard_2028 FR-EAF-ORAL/standard MATH-EA/SPECIFIQUES EDS-NSI/N1 EDS-HGGSP/N1 EDS-HLP/N1 TC-HG/1RE TC-EMC/1RE FR-POS/standard FR-POS-ORAL/standard,10,11,610,72,audit-fixtures/combinaisons/Premiere/P1_NSI-HGGSP-HLP_EAF-ecrit-et-oral.zip,,oui
P1_SVT-SES-HGGSP_EAF-ecrit-et-oral,Premiere,P1,SVT+SES+HGGSP,EAF-ecrit-et-oral,QP/standard MET/standard TC-ES/1RE FR-EAF/standard_2028 FR-EAF-ORAL/standard MATH-EA/SPECIFIQUES EDS-SVT/N1 EDS-SES/N1 EDS-HGGSP/N1 TC-HG/1RE TC-EMC/1RE FR-POS/standard FR-POS-ORAL/standard,10,11,610,73,audit-fixtures/combinaisons/Premiere/P1_SVT-SES-HGGSP_EAF-ecrit-et-oral.zip,,oui
P1_SVT-SES-HLP_EAF-ecrit-et-oral,Premiere,P1,SVT+SES+HLP,EAF-ecrit-et-oral,QP/standard MET/standard TC-ES/1RE FR-EAF/standard_2028 FR-EAF-ORAL/standard MATH-EA/SPECIFIQUES EDS-SVT/N1 EDS-SES/N1 EDS-HLP/N1 TC-HG/1RE TC-EMC/1RE FR-POS/standard FR-POS-ORAL/standard,10,11,610,72,audit-fixtures/combinaisons/Premiere/P1_SVT-SES-HLP_EAF-ecrit-et-oral.zip,,oui
P1_SVT-HGGSP-HLP_EAF-ecrit-et-oral,Premiere,P1,SVT+HGGSP+HLP,EAF-ecrit-et-oral,QP/standard MET/standard TC-ES/1RE FR-EAF/standard_2028 FR-EAF-ORAL/standard MATH-EA/SPECIFIQUES EDS-SVT/N1 EDS-HGGSP/N1 EDS-HLP/N1 TC-HG/1RE TC-EMC/1RE FR-POS/standard FR-POS-ORAL/standard,10,11,610,72,audit-fixtures/combinaisons/Premiere/P1_SVT-HGGSP-HLP_EAF-ecrit-et-oral.zip,,oui
P1_SES-HGGSP-HLP_EAF-ecrit-et-oral,Premiere,P1,SES+HGGSP+HLP,EAF-ecrit-et-oral,QP/standard MET/standard TC-ES/1RE FR-EAF/standard_2028 FR-EAF-ORAL/standard MATH-EA/SPECIFIQUES EDS-SES/N1 EDS-HGGSP/N1 EDS-HLP/N1 TC-HG/1RE TC-EMC/1RE FR-POS/standard FR-POS-ORAL/standard,10,11,610,72,audit-fixtures/combinaisons/Premiere/P1_SES-HGGSP-HLP_EAF-ecrit-et-oral.zip,,oui
P2_MATH-PC_EAF-non-requise,Terminale,P2,MATH+PC,EAF-non-requise,QP/standard MET/standard TC-ES/TLE FR-MAI/standard PHI/standard EDS-MATH/NT EDS-PC/NT GO/standard TC-HG/TLE TC-EMC/TLE,8,8,460,50,audit-fixtures/combinaisons/Terminale/P2_MATH-PC_EAF-non-requise.zip,,oui
P2_MATH-PC_EAF-ecrit-seul_EAF-ecrit,Terminale,P2,MATH+PC,EAF-ecrit-seul,QP/standard MET/standard TC-ES/TLE FR-EAF/ecrit FR-MAI/standard PHI/standard EDS-MATH/NT EDS-PC/NT GO/standard TC-HG/TLE TC-EMC/TLE FR-POS/standard FR-POS-ORAL/standard,10,11,595,67,audit-fixtures/combinaisons/Terminale/P2_MATH-PC_EAF-ecrit-seul_EAF-ecrit.zip,,oui
P2_MATH-PC_EAF-oral-seul_EAF-oral,Terminale,P2,MATH+PC,EAF-oral-seul,QP/standard MET/standard TC-ES/TLE FR-EAF/oral FR-EAF-ORAL/standard FR-MAI/standard PHI/standard EDS-MATH/NT EDS-PC/NT GO/standard TC-HG/TLE TC-EMC/TLE FR-POS/standard FR-POS-ORAL/standard,10,12,585,65,audit-fixtures/combinaisons/Terminale/P2_MATH-PC_EAF-oral-seul_EAF-oral.zip,,oui
P2_MATH-PC_EAF-ecrit-et-oral_EAF-les_deux,Terminale,P2,MATH+PC,EAF-ecrit-et-oral,QP/standard MET/standard TC-ES/TLE FR-EAF/standard FR-EAF-ORAL/standard FR-MAI/standard PHI/standard EDS-MATH/NT EDS-PC/NT GO/standard TC-HG/TLE TC-EMC/TLE FR-POS/standard FR-POS-ORAL/standard,10,12,625,68,audit-fixtures/combinaisons/Terminale/P2_MATH-PC_EAF-ecrit-et-oral_EAF-les_deux.zip,,oui
P2_MATH-NSI_EAF-non-requise,Terminale,P2,MATH+NSI,EAF-non-requise,QP/standard MET/standard TC-ES/TLE FR-MAI/standard PHI/standard EDS-MATH/NT EDS-NSI/NT GO/standard TC-HG/TLE TC-EMC/TLE,8,8,460,50,audit-fixtures/combinaisons/Terminale/P2_MATH-NSI_EAF-non-requise.zip,,oui
P2_MATH-NSI_EAF-ecrit-seul_EAF-ecrit,Terminale,P2,MATH+NSI,EAF-ecrit-seul,QP/standard MET/standard TC-ES/TLE FR-EAF/ecrit FR-MAI/standard PHI/standard EDS-MATH/NT EDS-NSI/NT GO/standard TC-HG/TLE TC-EMC/TLE FR-POS/standard FR-POS-ORAL/standard,10,11,595,67,audit-fixtures/combinaisons/Terminale/P2_MATH-NSI_EAF-ecrit-seul_EAF-ecrit.zip,,oui
P2_MATH-NSI_EAF-oral-seul_EAF-oral,Terminale,P2,MATH+NSI,EAF-oral-seul,QP/standard MET/standard TC-ES/TLE FR-EAF/oral FR-EAF-ORAL/standard FR-MAI/standard PHI/standard EDS-MATH/NT EDS-NSI/NT GO/standard TC-HG/TLE TC-EMC/TLE FR-POS/standard FR-POS-ORAL/standard,10,12,585,65,audit-fixtures/combinaisons/Terminale/P2_MATH-NSI_EAF-oral-seul_EAF-oral.zip,,oui
P2_MATH-NSI_EAF-ecrit-et-oral_EAF-les_deux,Terminale,P2,MATH+NSI,EAF-ecrit-et-oral,QP/standard MET/standard TC-ES/TLE FR-EAF/standard FR-EAF-ORAL/standard FR-MAI/standard PHI/standard EDS-MATH/NT EDS-NSI/NT GO/standard TC-HG/TLE TC-EMC/TLE FR-POS/standard FR-POS-ORAL/standard,10,12,625,68,audit-fixtures/combinaisons/Terminale/P2_MATH-NSI_EAF-ecrit-et-oral_EAF-les_deux.zip,,oui
P2_MATH-SVT_EAF-non-requise,Terminale,P2,MATH+SVT,EAF-non-requise,QP/standard MET/standard TC-ES/TLE FR-MAI/standard PHI/standard EDS-MATH/NT EDS-SVT/NT GO/standard TC-HG/TLE TC-EMC/TLE,8,8,460,52,audit-fixtures/combinaisons/Terminale/P2_MATH-SVT_EAF-non-requise.zip,,oui
P2_MATH-SVT_EAF-ecrit-seul_EAF-ecrit,Terminale,P2,MATH+SVT,EAF-ecrit-seul,QP/standard MET/standard TC-ES/TLE FR-EAF/ecrit FR-MAI/standard PHI/standard EDS-MATH/NT EDS-SVT/NT GO/standard TC-HG/TLE TC-EMC/TLE FR-POS/standard FR-POS-ORAL/standard,10,11,595,69,audit-fixtures/combinaisons/Terminale/P2_MATH-SVT_EAF-ecrit-seul_EAF-ecrit.zip,,oui
P2_MATH-SVT_EAF-oral-seul_EAF-oral,Terminale,P2,MATH+SVT,EAF-oral-seul,QP/standard MET/standard TC-ES/TLE FR-EAF/oral FR-EAF-ORAL/standard FR-MAI/standard PHI/standard EDS-MATH/NT EDS-SVT/NT GO/standard TC-HG/TLE TC-EMC/TLE FR-POS/standard FR-POS-ORAL/standard,10,12,585,67,audit-fixtures/combinaisons/Terminale/P2_MATH-SVT_EAF-oral-seul_EAF-oral.zip,,oui
P2_MATH-SVT_EAF-ecrit-et-oral_EAF-les_deux,Terminale,P2,MATH+SVT,EAF-ecrit-et-oral,QP/standard MET/standard TC-ES/TLE FR-EAF/standard FR-EAF-ORAL/standard FR-MAI/standard PHI/standard EDS-MATH/NT EDS-SVT/NT GO/standard TC-HG/TLE TC-EMC/TLE FR-POS/standard FR-POS-ORAL/standard,10,12,625,70,audit-fixtures/combinaisons/Terminale/P2_MATH-SVT_EAF-ecrit-et-oral_EAF-les_deux.zip,,oui
P2_MATH-SES_EAF-non-requise,Terminale,P2,MATH+SES,EAF-non-requise,QP/standard MET/standard TC-ES/TLE FR-MAI/standard PHI/standard EDS-MATH/NT EDS-SES/NT GO/standard TC-HG/TLE TC-EMC/TLE,8,8,460,50,audit-fixtures/combinaisons/Terminale/P2_MATH-SES_EAF-non-requise.zip,,oui
P2_MATH-SES_EAF-ecrit-seul_EAF-ecrit,Terminale,P2,MATH+SES,EAF-ecrit-seul,QP/standard MET/standard TC-ES/TLE FR-EAF/ecrit FR-MAI/standard PHI/standard EDS-MATH/NT EDS-SES/NT GO/standard TC-HG/TLE TC-EMC/TLE FR-POS/standard FR-POS-ORAL/standard,10,11,595,67,audit-fixtures/combinaisons/Terminale/P2_MATH-SES_EAF-ecrit-seul_EAF-ecrit.zip,,oui
P2_MATH-SES_EAF-oral-seul_EAF-oral,Terminale,P2,MATH+SES,EAF-oral-seul,QP/standard MET/standard TC-ES/TLE FR-EAF/oral FR-EAF-ORAL/standard FR-MAI/standard PHI/standard EDS-MATH/NT EDS-SES/NT GO/standard TC-HG/TLE TC-EMC/TLE FR-POS/standard FR-POS-ORAL/standard,10,12,585,65,audit-fixtures/combinaisons/Terminale/P2_MATH-SES_EAF-oral-seul_EAF-oral.zip,,oui
P2_MATH-SES_EAF-ecrit-et-oral_EAF-les_deux,Terminale,P2,MATH+SES,EAF-ecrit-et-oral,QP/standard MET/standard TC-ES/TLE FR-EAF/standard FR-EAF-ORAL/standard FR-MAI/standard PHI/standard EDS-MATH/NT EDS-SES/NT GO/standard TC-HG/TLE TC-EMC/TLE FR-POS/standard FR-POS-ORAL/standard,10,12,625,68,audit-fixtures/combinaisons/Terminale/P2_MATH-SES_EAF-ecrit-et-oral_EAF-les_deux.zip,,oui
P2_MATH-HGGSP_EAF-non-requise,Terminale,P2,MATH+HGGSP,EAF-non-requise,QP/standard MET/standard TC-ES/TLE FR-MAI/standard PHI/standard EDS-MATH/NT EDS-HGGSP/NT GO/standard TC-HG/TLE TC-EMC/TLE,8,8,460,50,audit-fixtures/combinaisons/Terminale/P2_MATH-HGGSP_EAF-non-requise.zip,,oui
P2_MATH-HGGSP_EAF-ecrit-seul_EAF-ecrit,Terminale,P2,MATH+HGGSP,EAF-ecrit-seul,QP/standard MET/standard TC-ES/TLE FR-EAF/ecrit FR-MAI/standard PHI/standard EDS-MATH/NT EDS-HGGSP/NT GO/standard TC-HG/TLE TC-EMC/TLE FR-POS/standard FR-POS-ORAL/standard,10,11,595,67,audit-fixtures/combinaisons/Terminale/P2_MATH-HGGSP_EAF-ecrit-seul_EAF-ecrit.zip,,oui
P2_MATH-HGGSP_EAF-oral-seul_EAF-oral,Terminale,P2,MATH+HGGSP,EAF-oral-seul,QP/standard MET/standard TC-ES/TLE FR-EAF/oral FR-EAF-ORAL/standard FR-MAI/standard PHI/standard EDS-MATH/NT EDS-HGGSP/NT GO/standard TC-HG/TLE TC-EMC/TLE FR-POS/standard FR-POS-ORAL/standard,10,12,585,65,audit-fixtures/combinaisons/Terminale/P2_MATH-HGGSP_EAF-oral-seul_EAF-oral.zip,,oui
P2_MATH-HGGSP_EAF-ecrit-et-oral_EAF-les_deux,Terminale,P2,MATH+HGGSP,EAF-ecrit-et-oral,QP/standard MET/standard TC-ES/TLE FR-EAF/standard FR-EAF-ORAL/standard FR-MAI/standard PHI/standard EDS-MATH/NT EDS-HGGSP/NT GO/standard TC-HG/TLE TC-EMC/TLE FR-POS/standard FR-POS-ORAL/standard,10,12,625,68,audit-fixtures/combinaisons/Terminale/P2_MATH-HGGSP_EAF-ecrit-et-oral_EAF-les_deux.zip,,oui
P2_MATH-HLP_EAF-non-requise,Terminale,P2,MATH+HLP,EAF-non-requise,QP/standard MET/standard TC-ES/TLE FR-MAI/standard PHI/standard EDS-MATH/NT EDS-HLP/NT GO/standard TC-HG/TLE TC-EMC/TLE,8,8,460,50,audit-fixtures/combinaisons/Terminale/P2_MATH-HLP_EAF-non-requise.zip,,oui
P2_MATH-HLP_EAF-ecrit-seul_EAF-ecrit,Terminale,P2,MATH+HLP,EAF-ecrit-seul,QP/standard MET/standard TC-ES/TLE FR-EAF/ecrit FR-MAI/standard PHI/standard EDS-MATH/NT EDS-HLP/NT GO/standard TC-HG/TLE TC-EMC/TLE FR-POS/standard FR-POS-ORAL/standard,10,11,595,67,audit-fixtures/combinaisons/Terminale/P2_MATH-HLP_EAF-ecrit-seul_EAF-ecrit.zip,,oui
P2_MATH-HLP_EAF-oral-seul_EAF-oral,Terminale,P2,MATH+HLP,EAF-oral-seul,QP/standard MET/standard TC-ES/TLE FR-EAF/oral FR-EAF-ORAL/standard FR-MAI/standard PHI/standard EDS-MATH/NT EDS-HLP/NT GO/standard TC-HG/TLE TC-EMC/TLE FR-POS/standard FR-POS-ORAL/standard,10,12,585,65,audit-fixtures/combinaisons/Terminale/P2_MATH-HLP_EAF-oral-seul_EAF-oral.zip,,oui
P2_MATH-HLP_EAF-ecrit-et-oral_EAF-les_deux,Terminale,P2,MATH+HLP,EAF-ecrit-et-oral,QP/standard MET/standard TC-ES/TLE FR-EAF/standard FR-EAF-ORAL/standard FR-MAI/standard PHI/standard EDS-MATH/NT EDS-HLP/NT GO/standard TC-HG/TLE TC-EMC/TLE FR-POS/standard FR-POS-ORAL/standard,10,12,625,68,audit-fixtures/combinaisons/Terminale/P2_MATH-HLP_EAF-ecrit-et-oral_EAF-les_deux.zip,,oui
P2_PC-NSI_EAF-non-requise,Terminale,P2,PC+NSI,EAF-non-requise,QP/standard MET/standard TC-ES/TLE FR-MAI/standard PHI/standard EDS-PC/NT EDS-NSI/NT GO/standard TC-HG/TLE TC-EMC/TLE,8,8,460,48,audit-fixtures/combinaisons/Terminale/P2_PC-NSI_EAF-non-requise.zip,,oui
P2_PC-NSI_EAF-non-requise_MATH-EA-due,Terminale,P2,PC+NSI,EAF-non-requise,QP/standard MET/standard TC-ES/TLE FR-MAI/standard MATH-EA/SPECIFIQUES PHI/standard EDS-PC/NT EDS-NSI/NT GO/standard TC-HG/TLE TC-EMC/TLE,9,9,535,61,audit-fixtures/combinaisons/Terminale/P2_PC-NSI_EAF-non-requise_MATH-EA-due.zip,,oui
P2_PC-NSI_EAF-ecrit-seul_EAF-ecrit,Terminale,P2,PC+NSI,EAF-ecrit-seul,QP/standard MET/standard TC-ES/TLE FR-EAF/ecrit FR-MAI/standard PHI/standard EDS-PC/NT EDS-NSI/NT GO/standard TC-HG/TLE TC-EMC/TLE FR-POS/standard FR-POS-ORAL/standard,10,11,595,65,audit-fixtures/combinaisons/Terminale/P2_PC-NSI_EAF-ecrit-seul_EAF-ecrit.zip,,oui
P2_PC-NSI_EAF-oral-seul_EAF-oral,Terminale,P2,PC+NSI,EAF-oral-seul,QP/standard MET/standard TC-ES/TLE FR-EAF/oral FR-EAF-ORAL/standard FR-MAI/standard PHI/standard EDS-PC/NT EDS-NSI/NT GO/standard TC-HG/TLE TC-EMC/TLE FR-POS/standard FR-POS-ORAL/standard,10,12,585,63,audit-fixtures/combinaisons/Terminale/P2_PC-NSI_EAF-oral-seul_EAF-oral.zip,,oui
P2_PC-NSI_EAF-ecrit-et-oral_EAF-les_deux,Terminale,P2,PC+NSI,EAF-ecrit-et-oral,QP/standard MET/standard TC-ES/TLE FR-EAF/standard FR-EAF-ORAL/standard FR-MAI/standard PHI/standard EDS-PC/NT EDS-NSI/NT GO/standard TC-HG/TLE TC-EMC/TLE FR-POS/standard FR-POS-ORAL/standard,10,12,625,66,audit-fixtures/combinaisons/Terminale/P2_PC-NSI_EAF-ecrit-et-oral_EAF-les_deux.zip,,oui
P2_PC-SVT_EAF-non-requise,Terminale,P2,PC+SVT,EAF-non-requise,QP/standard MET/standard TC-ES/TLE FR-MAI/standard PHI/standard EDS-PC/NT EDS-SVT/NT GO/standard TC-HG/TLE TC-EMC/TLE,8,8,460,50,audit-fixtures/combinaisons/Terminale/P2_PC-SVT_EAF-non-requise.zip,,oui
P2_PC-SVT_EAF-non-requise_MATH-EA-due,Terminale,P2,PC+SVT,EAF-non-requise,QP/standard MET/standard TC-ES/TLE FR-MAI/standard MATH-EA/SPECIFIQUES PHI/standard EDS-PC/NT EDS-SVT/NT GO/standard TC-HG/TLE TC-EMC/TLE,9,9,535,63,audit-fixtures/combinaisons/Terminale/P2_PC-SVT_EAF-non-requise_MATH-EA-due.zip,,oui
P2_PC-SVT_EAF-ecrit-seul_EAF-ecrit,Terminale,P2,PC+SVT,EAF-ecrit-seul,QP/standard MET/standard TC-ES/TLE FR-EAF/ecrit FR-MAI/standard PHI/standard EDS-PC/NT EDS-SVT/NT GO/standard TC-HG/TLE TC-EMC/TLE FR-POS/standard FR-POS-ORAL/standard,10,11,595,67,audit-fixtures/combinaisons/Terminale/P2_PC-SVT_EAF-ecrit-seul_EAF-ecrit.zip,,oui
P2_PC-SVT_EAF-oral-seul_EAF-oral,Terminale,P2,PC+SVT,EAF-oral-seul,QP/standard MET/standard TC-ES/TLE FR-EAF/oral FR-EAF-ORAL/standard FR-MAI/standard PHI/standard EDS-PC/NT EDS-SVT/NT GO/standard TC-HG/TLE TC-EMC/TLE FR-POS/standard FR-POS-ORAL/standard,10,12,585,65,audit-fixtures/combinaisons/Terminale/P2_PC-SVT_EAF-oral-seul_EAF-oral.zip,,oui
P2_PC-SVT_EAF-ecrit-et-oral_EAF-les_deux,Terminale,P2,PC+SVT,EAF-ecrit-et-oral,QP/standard MET/standard TC-ES/TLE FR-EAF/standard FR-EAF-ORAL/standard FR-MAI/standard PHI/standard EDS-PC/NT EDS-SVT/NT GO/standard TC-HG/TLE TC-EMC/TLE FR-POS/standard FR-POS-ORAL/standard,10,12,625,68,audit-fixtures/combinaisons/Terminale/P2_PC-SVT_EAF-ecrit-et-oral_EAF-les_deux.zip,,oui
P2_PC-SES_EAF-non-requise,Terminale,P2,PC+SES,EAF-non-requise,QP/standard MET/standard TC-ES/TLE FR-MAI/standard PHI/standard EDS-PC/NT EDS-SES/NT GO/standard TC-HG/TLE TC-EMC/TLE,8,8,460,48,audit-fixtures/combinaisons/Terminale/P2_PC-SES_EAF-non-requise.zip,,oui
P2_PC-SES_EAF-non-requise_MATH-EA-due,Terminale,P2,PC+SES,EAF-non-requise,QP/standard MET/standard TC-ES/TLE FR-MAI/standard MATH-EA/SPECIFIQUES PHI/standard EDS-PC/NT EDS-SES/NT GO/standard TC-HG/TLE TC-EMC/TLE,9,9,535,61,audit-fixtures/combinaisons/Terminale/P2_PC-SES_EAF-non-requise_MATH-EA-due.zip,,oui
P2_PC-SES_EAF-ecrit-seul_EAF-ecrit,Terminale,P2,PC+SES,EAF-ecrit-seul,QP/standard MET/standard TC-ES/TLE FR-EAF/ecrit FR-MAI/standard PHI/standard EDS-PC/NT EDS-SES/NT GO/standard TC-HG/TLE TC-EMC/TLE FR-POS/standard FR-POS-ORAL/standard,10,11,595,65,audit-fixtures/combinaisons/Terminale/P2_PC-SES_EAF-ecrit-seul_EAF-ecrit.zip,,oui
P2_PC-SES_EAF-oral-seul_EAF-oral,Terminale,P2,PC+SES,EAF-oral-seul,QP/standard MET/standard TC-ES/TLE FR-EAF/oral FR-EAF-ORAL/standard FR-MAI/standard PHI/standard EDS-PC/NT EDS-SES/NT GO/standard TC-HG/TLE TC-EMC/TLE FR-POS/standard FR-POS-ORAL/standard,10,12,585,63,audit-fixtures/combinaisons/Terminale/P2_PC-SES_EAF-oral-seul_EAF-oral.zip,,oui
P2_PC-SES_EAF-ecrit-et-oral_EAF-les_deux,Terminale,P2,PC+SES,EAF-ecrit-et-oral,QP/standard MET/standard TC-ES/TLE FR-EAF/standard FR-EAF-ORAL/standard FR-MAI/standard PHI/standard EDS-PC/NT EDS-SES/NT GO/standard TC-HG/TLE TC-EMC/TLE FR-POS/standard FR-POS-ORAL/standard,10,12,625,66,audit-fixtures/combinaisons/Terminale/P2_PC-SES_EAF-ecrit-et-oral_EAF-les_deux.zip,,oui
P2_PC-HGGSP_EAF-non-requise,Terminale,P2,PC+HGGSP,EAF-non-requise,QP/standard MET/standard TC-ES/TLE FR-MAI/standard PHI/standard EDS-PC/NT EDS-HGGSP/NT GO/standard TC-HG/TLE TC-EMC/TLE,8,8,460,48,audit-fixtures/combinaisons/Terminale/P2_PC-HGGSP_EAF-non-requise.zip,,oui
P2_PC-HGGSP_EAF-non-requise_MATH-EA-due,Terminale,P2,PC+HGGSP,EAF-non-requise,QP/standard MET/standard TC-ES/TLE FR-MAI/standard MATH-EA/SPECIFIQUES PHI/standard EDS-PC/NT EDS-HGGSP/NT GO/standard TC-HG/TLE TC-EMC/TLE,9,9,535,61,audit-fixtures/combinaisons/Terminale/P2_PC-HGGSP_EAF-non-requise_MATH-EA-due.zip,,oui
P2_PC-HGGSP_EAF-ecrit-seul_EAF-ecrit,Terminale,P2,PC+HGGSP,EAF-ecrit-seul,QP/standard MET/standard TC-ES/TLE FR-EAF/ecrit FR-MAI/standard PHI/standard EDS-PC/NT EDS-HGGSP/NT GO/standard TC-HG/TLE TC-EMC/TLE FR-POS/standard FR-POS-ORAL/standard,10,11,595,65,audit-fixtures/combinaisons/Terminale/P2_PC-HGGSP_EAF-ecrit-seul_EAF-ecrit.zip,,oui
P2_PC-HGGSP_EAF-oral-seul_EAF-oral,Terminale,P2,PC+HGGSP,EAF-oral-seul,QP/standard MET/standard TC-ES/TLE FR-EAF/oral FR-EAF-ORAL/standard FR-MAI/standard PHI/standard EDS-PC/NT EDS-HGGSP/NT GO/standard TC-HG/TLE TC-EMC/TLE FR-POS/standard FR-POS-ORAL/standard,10,12,585,63,audit-fixtures/combinaisons/Terminale/P2_PC-HGGSP_EAF-oral-seul_EAF-oral.zip,,oui
P2_PC-HGGSP_EAF-ecrit-et-oral_EAF-les_deux,Terminale,P2,PC+HGGSP,EAF-ecrit-et-oral,QP/standard MET/standard TC-ES/TLE FR-EAF/standard FR-EAF-ORAL/standard FR-MAI/standard PHI/standard EDS-PC/NT EDS-HGGSP/NT GO/standard TC-HG/TLE TC-EMC/TLE FR-POS/standard FR-POS-ORAL/standard,10,12,625,66,audit-fixtures/combinaisons/Terminale/P2_PC-HGGSP_EAF-ecrit-et-oral_EAF-les_deux.zip,,oui
P2_PC-HLP_EAF-non-requise,Terminale,P2,PC+HLP,EAF-non-requise,QP/standard MET/standard TC-ES/TLE FR-MAI/standard PHI/standard EDS-PC/NT EDS-HLP/NT GO/standard TC-HG/TLE TC-EMC/TLE,8,8,460,48,audit-fixtures/combinaisons/Terminale/P2_PC-HLP_EAF-non-requise.zip,,oui
P2_PC-HLP_EAF-non-requise_MATH-EA-due,Terminale,P2,PC+HLP,EAF-non-requise,QP/standard MET/standard TC-ES/TLE FR-MAI/standard MATH-EA/SPECIFIQUES PHI/standard EDS-PC/NT EDS-HLP/NT GO/standard TC-HG/TLE TC-EMC/TLE,9,9,535,61,audit-fixtures/combinaisons/Terminale/P2_PC-HLP_EAF-non-requise_MATH-EA-due.zip,,oui
P2_PC-HLP_EAF-ecrit-seul_EAF-ecrit,Terminale,P2,PC+HLP,EAF-ecrit-seul,QP/standard MET/standard TC-ES/TLE FR-EAF/ecrit FR-MAI/standard PHI/standard EDS-PC/NT EDS-HLP/NT GO/standard TC-HG/TLE TC-EMC/TLE FR-POS/standard FR-POS-ORAL/standard,10,11,595,65,audit-fixtures/combinaisons/Terminale/P2_PC-HLP_EAF-ecrit-seul_EAF-ecrit.zip,,oui
P2_PC-HLP_EAF-oral-seul_EAF-oral,Terminale,P2,PC+HLP,EAF-oral-seul,QP/standard MET/standard TC-ES/TLE FR-EAF/oral FR-EAF-ORAL/standard FR-MAI/standard PHI/standard EDS-PC/NT EDS-HLP/NT GO/standard TC-HG/TLE TC-EMC/TLE FR-POS/standard FR-POS-ORAL/standard,10,12,585,63,audit-fixtures/combinaisons/Terminale/P2_PC-HLP_EAF-oral-seul_EAF-oral.zip,,oui
P2_PC-HLP_EAF-ecrit-et-oral_EAF-les_deux,Terminale,P2,PC+HLP,EAF-ecrit-et-oral,QP/standard MET/standard TC-ES/TLE FR-EAF/standard FR-EAF-ORAL/standard FR-MAI/standard PHI/standard EDS-PC/NT EDS-HLP/NT GO/standard TC-HG/TLE TC-EMC/TLE FR-POS/standard FR-POS-ORAL/standard,10,12,625,66,audit-fixtures/combinaisons/Terminale/P2_PC-HLP_EAF-ecrit-et-oral_EAF-les_deux.zip,,oui
P2_NSI-SVT_EAF-non-requise,Terminale,P2,NSI+SVT,EAF-non-requise,QP/standard MET/standard TC-ES/TLE FR-MAI/standard PHI/standard EDS-NSI/NT EDS-SVT/NT GO/standard TC-HG/TLE TC-EMC/TLE,8,8,460,50,audit-fixtures/combinaisons/Terminale/P2_NSI-SVT_EAF-non-requise.zip,,oui
P2_NSI-SVT_EAF-non-requise_MATH-EA-due,Terminale,P2,NSI+SVT,EAF-non-requise,QP/standard MET/standard TC-ES/TLE FR-MAI/standard MATH-EA/SPECIFIQUES PHI/standard EDS-NSI/NT EDS-SVT/NT GO/standard TC-HG/TLE TC-EMC/TLE,9,9,535,63,audit-fixtures/combinaisons/Terminale/P2_NSI-SVT_EAF-non-requise_MATH-EA-due.zip,,oui
P2_NSI-SVT_EAF-ecrit-seul_EAF-ecrit,Terminale,P2,NSI+SVT,EAF-ecrit-seul,QP/standard MET/standard TC-ES/TLE FR-EAF/ecrit FR-MAI/standard PHI/standard EDS-NSI/NT EDS-SVT/NT GO/standard TC-HG/TLE TC-EMC/TLE FR-POS/standard FR-POS-ORAL/standard,10,11,595,67,audit-fixtures/combinaisons/Terminale/P2_NSI-SVT_EAF-ecrit-seul_EAF-ecrit.zip,,oui
P2_NSI-SVT_EAF-oral-seul_EAF-oral,Terminale,P2,NSI+SVT,EAF-oral-seul,QP/standard MET/standard TC-ES/TLE FR-EAF/oral FR-EAF-ORAL/standard FR-MAI/standard PHI/standard EDS-NSI/NT EDS-SVT/NT GO/standard TC-HG/TLE TC-EMC/TLE FR-POS/standard FR-POS-ORAL/standard,10,12,585,65,audit-fixtures/combinaisons/Terminale/P2_NSI-SVT_EAF-oral-seul_EAF-oral.zip,,oui
P2_NSI-SVT_EAF-ecrit-et-oral_EAF-les_deux,Terminale,P2,NSI+SVT,EAF-ecrit-et-oral,QP/standard MET/standard TC-ES/TLE FR-EAF/standard FR-EAF-ORAL/standard FR-MAI/standard PHI/standard EDS-NSI/NT EDS-SVT/NT GO/standard TC-HG/TLE TC-EMC/TLE FR-POS/standard FR-POS-ORAL/standard,10,12,625,68,audit-fixtures/combinaisons/Terminale/P2_NSI-SVT_EAF-ecrit-et-oral_EAF-les_deux.zip,,oui
P2_NSI-SES_EAF-non-requise,Terminale,P2,NSI+SES,EAF-non-requise,QP/standard MET/standard TC-ES/TLE FR-MAI/standard PHI/standard EDS-NSI/NT EDS-SES/NT GO/standard TC-HG/TLE TC-EMC/TLE,8,8,460,48,audit-fixtures/combinaisons/Terminale/P2_NSI-SES_EAF-non-requise.zip,,oui
P2_NSI-SES_EAF-non-requise_MATH-EA-due,Terminale,P2,NSI+SES,EAF-non-requise,QP/standard MET/standard TC-ES/TLE FR-MAI/standard MATH-EA/SPECIFIQUES PHI/standard EDS-NSI/NT EDS-SES/NT GO/standard TC-HG/TLE TC-EMC/TLE,9,9,535,61,audit-fixtures/combinaisons/Terminale/P2_NSI-SES_EAF-non-requise_MATH-EA-due.zip,,oui
P2_NSI-SES_EAF-ecrit-seul_EAF-ecrit,Terminale,P2,NSI+SES,EAF-ecrit-seul,QP/standard MET/standard TC-ES/TLE FR-EAF/ecrit FR-MAI/standard PHI/standard EDS-NSI/NT EDS-SES/NT GO/standard TC-HG/TLE TC-EMC/TLE FR-POS/standard FR-POS-ORAL/standard,10,11,595,65,audit-fixtures/combinaisons/Terminale/P2_NSI-SES_EAF-ecrit-seul_EAF-ecrit.zip,,oui
P2_NSI-SES_EAF-oral-seul_EAF-oral,Terminale,P2,NSI+SES,EAF-oral-seul,QP/standard MET/standard TC-ES/TLE FR-EAF/oral FR-EAF-ORAL/standard FR-MAI/standard PHI/standard EDS-NSI/NT EDS-SES/NT GO/standard TC-HG/TLE TC-EMC/TLE FR-POS/standard FR-POS-ORAL/standard,10,12,585,63,audit-fixtures/combinaisons/Terminale/P2_NSI-SES_EAF-oral-seul_EAF-oral.zip,,oui
P2_NSI-SES_EAF-ecrit-et-oral_EAF-les_deux,Terminale,P2,NSI+SES,EAF-ecrit-et-oral,QP/standard MET/standard TC-ES/TLE FR-EAF/standard FR-EAF-ORAL/standard FR-MAI/standard PHI/standard EDS-NSI/NT EDS-SES/NT GO/standard TC-HG/TLE TC-EMC/TLE FR-POS/standard FR-POS-ORAL/standard,10,12,625,66,audit-fixtures/combinaisons/Terminale/P2_NSI-SES_EAF-ecrit-et-oral_EAF-les_deux.zip,,oui
P2_NSI-HGGSP_EAF-non-requise,Terminale,P2,NSI+HGGSP,EAF-non-requise,QP/standard MET/standard TC-ES/TLE FR-MAI/standard PHI/standard EDS-NSI/NT EDS-HGGSP/NT GO/standard TC-HG/TLE TC-EMC/TLE,8,8,460,48,audit-fixtures/combinaisons/Terminale/P2_NSI-HGGSP_EAF-non-requise.zip,,oui
P2_NSI-HGGSP_EAF-non-requise_MATH-EA-due,Terminale,P2,NSI+HGGSP,EAF-non-requise,QP/standard MET/standard TC-ES/TLE FR-MAI/standard MATH-EA/SPECIFIQUES PHI/standard EDS-NSI/NT EDS-HGGSP/NT GO/standard TC-HG/TLE TC-EMC/TLE,9,9,535,61,audit-fixtures/combinaisons/Terminale/P2_NSI-HGGSP_EAF-non-requise_MATH-EA-due.zip,,oui
P2_NSI-HGGSP_EAF-ecrit-seul_EAF-ecrit,Terminale,P2,NSI+HGGSP,EAF-ecrit-seul,QP/standard MET/standard TC-ES/TLE FR-EAF/ecrit FR-MAI/standard PHI/standard EDS-NSI/NT EDS-HGGSP/NT GO/standard TC-HG/TLE TC-EMC/TLE FR-POS/standard FR-POS-ORAL/standard,10,11,595,65,audit-fixtures/combinaisons/Terminale/P2_NSI-HGGSP_EAF-ecrit-seul_EAF-ecrit.zip,,oui
P2_NSI-HGGSP_EAF-oral-seul_EAF-oral,Terminale,P2,NSI+HGGSP,EAF-oral-seul,QP/standard MET/standard TC-ES/TLE FR-EAF/oral FR-EAF-ORAL/standard FR-MAI/standard PHI/standard EDS-NSI/NT EDS-HGGSP/NT GO/standard TC-HG/TLE TC-EMC/TLE FR-POS/standard FR-POS-ORAL/standard,10,12,585,63,audit-fixtures/combinaisons/Terminale/P2_NSI-HGGSP_EAF-oral-seul_EAF-oral.zip,,oui
P2_NSI-HGGSP_EAF-ecrit-et-oral_EAF-les_deux,Terminale,P2,NSI+HGGSP,EAF-ecrit-et-oral,QP/standard MET/standard TC-ES/TLE FR-EAF/standard FR-EAF-ORAL/standard FR-MAI/standard PHI/standard EDS-NSI/NT EDS-HGGSP/NT GO/standard TC-HG/TLE TC-EMC/TLE FR-POS/standard FR-POS-ORAL/standard,10,12,625,66,audit-fixtures/combinaisons/Terminale/P2_NSI-HGGSP_EAF-ecrit-et-oral_EAF-les_deux.zip,,oui
P2_NSI-HLP_EAF-non-requise,Terminale,P2,NSI+HLP,EAF-non-requise,QP/standard MET/standard TC-ES/TLE FR-MAI/standard PHI/standard EDS-NSI/NT EDS-HLP/NT GO/standard TC-HG/TLE TC-EMC/TLE,8,8,460,48,audit-fixtures/combinaisons/Terminale/P2_NSI-HLP_EAF-non-requise.zip,,oui
P2_NSI-HLP_EAF-non-requise_MATH-EA-due,Terminale,P2,NSI+HLP,EAF-non-requise,QP/standard MET/standard TC-ES/TLE FR-MAI/standard MATH-EA/SPECIFIQUES PHI/standard EDS-NSI/NT EDS-HLP/NT GO/standard TC-HG/TLE TC-EMC/TLE,9,9,535,61,audit-fixtures/combinaisons/Terminale/P2_NSI-HLP_EAF-non-requise_MATH-EA-due.zip,,oui
P2_NSI-HLP_EAF-ecrit-seul_EAF-ecrit,Terminale,P2,NSI+HLP,EAF-ecrit-seul,QP/standard MET/standard TC-ES/TLE FR-EAF/ecrit FR-MAI/standard PHI/standard EDS-NSI/NT EDS-HLP/NT GO/standard TC-HG/TLE TC-EMC/TLE FR-POS/standard FR-POS-ORAL/standard,10,11,595,65,audit-fixtures/combinaisons/Terminale/P2_NSI-HLP_EAF-ecrit-seul_EAF-ecrit.zip,,oui
P2_NSI-HLP_EAF-oral-seul_EAF-oral,Terminale,P2,NSI+HLP,EAF-oral-seul,QP/standard MET/standard TC-ES/TLE FR-EAF/oral FR-EAF-ORAL/standard FR-MAI/standard PHI/standard EDS-NSI/NT EDS-HLP/NT GO/standard TC-HG/TLE TC-EMC/TLE FR-POS/standard FR-POS-ORAL/standard,10,12,585,63,audit-fixtures/combinaisons/Terminale/P2_NSI-HLP_EAF-oral-seul_EAF-oral.zip,,oui
P2_NSI-HLP_EAF-ecrit-et-oral_EAF-les_deux,Terminale,P2,NSI+HLP,EAF-ecrit-et-oral,QP/standard MET/standard TC-ES/TLE FR-EAF/standard FR-EAF-ORAL/standard FR-MAI/standard PHI/standard EDS-NSI/NT EDS-HLP/NT GO/standard TC-HG/TLE TC-EMC/TLE FR-POS/standard FR-POS-ORAL/standard,10,12,625,66,audit-fixtures/combinaisons/Terminale/P2_NSI-HLP_EAF-ecrit-et-oral_EAF-les_deux.zip,,oui
P2_SVT-SES_EAF-non-requise,Terminale,P2,SVT+SES,EAF-non-requise,QP/standard MET/standard TC-ES/TLE FR-MAI/standard PHI/standard EDS-SVT/NT EDS-SES/NT GO/standard TC-HG/TLE TC-EMC/TLE,8,8,460,50,audit-fixtures/combinaisons/Terminale/P2_SVT-SES_EAF-non-requise.zip,,oui
P2_SVT-SES_EAF-non-requise_MATH-EA-due,Terminale,P2,SVT+SES,EAF-non-requise,QP/standard MET/standard TC-ES/TLE FR-MAI/standard MATH-EA/SPECIFIQUES PHI/standard EDS-SVT/NT EDS-SES/NT GO/standard TC-HG/TLE TC-EMC/TLE,9,9,535,63,audit-fixtures/combinaisons/Terminale/P2_SVT-SES_EAF-non-requise_MATH-EA-due.zip,,oui
P2_SVT-SES_EAF-ecrit-seul_EAF-ecrit,Terminale,P2,SVT+SES,EAF-ecrit-seul,QP/standard MET/standard TC-ES/TLE FR-EAF/ecrit FR-MAI/standard PHI/standard EDS-SVT/NT EDS-SES/NT GO/standard TC-HG/TLE TC-EMC/TLE FR-POS/standard FR-POS-ORAL/standard,10,11,595,67,audit-fixtures/combinaisons/Terminale/P2_SVT-SES_EAF-ecrit-seul_EAF-ecrit.zip,,oui
P2_SVT-SES_EAF-oral-seul_EAF-oral,Terminale,P2,SVT+SES,EAF-oral-seul,QP/standard MET/standard TC-ES/TLE FR-EAF/oral FR-EAF-ORAL/standard FR-MAI/standard PHI/standard EDS-SVT/NT EDS-SES/NT GO/standard TC-HG/TLE TC-EMC/TLE FR-POS/standard FR-POS-ORAL/standard,10,12,585,65,audit-fixtures/combinaisons/Terminale/P2_SVT-SES_EAF-oral-seul_EAF-oral.zip,,oui
P2_SVT-SES_EAF-ecrit-et-oral_EAF-les_deux,Terminale,P2,SVT+SES,EAF-ecrit-et-oral,QP/standard MET/standard TC-ES/TLE FR-EAF/standard FR-EAF-ORAL/standard FR-MAI/standard PHI/standard EDS-SVT/NT EDS-SES/NT GO/standard TC-HG/TLE TC-EMC/TLE FR-POS/standard FR-POS-ORAL/standard,10,12,625,68,audit-fixtures/combinaisons/Terminale/P2_SVT-SES_EAF-ecrit-et-oral_EAF-les_deux.zip,,oui
P2_SVT-HGGSP_EAF-non-requise,Terminale,P2,SVT+HGGSP,EAF-non-requise,QP/standard MET/standard TC-ES/TLE FR-MAI/standard PHI/standard EDS-SVT/NT EDS-HGGSP/NT GO/standard TC-HG/TLE TC-EMC/TLE,8,8,460,50,audit-fixtures/combinaisons/Terminale/P2_SVT-HGGSP_EAF-non-requise.zip,,oui
P2_SVT-HGGSP_EAF-non-requise_MATH-EA-due,Terminale,P2,SVT+HGGSP,EAF-non-requise,QP/standard MET/standard TC-ES/TLE FR-MAI/standard MATH-EA/SPECIFIQUES PHI/standard EDS-SVT/NT EDS-HGGSP/NT GO/standard TC-HG/TLE TC-EMC/TLE,9,9,535,63,audit-fixtures/combinaisons/Terminale/P2_SVT-HGGSP_EAF-non-requise_MATH-EA-due.zip,,oui
P2_SVT-HGGSP_EAF-ecrit-seul_EAF-ecrit,Terminale,P2,SVT+HGGSP,EAF-ecrit-seul,QP/standard MET/standard TC-ES/TLE FR-EAF/ecrit FR-MAI/standard PHI/standard EDS-SVT/NT EDS-HGGSP/NT GO/standard TC-HG/TLE TC-EMC/TLE FR-POS/standard FR-POS-ORAL/standard,10,11,595,67,audit-fixtures/combinaisons/Terminale/P2_SVT-HGGSP_EAF-ecrit-seul_EAF-ecrit.zip,,oui
P2_SVT-HGGSP_EAF-oral-seul_EAF-oral,Terminale,P2,SVT+HGGSP,EAF-oral-seul,QP/standard MET/standard TC-ES/TLE FR-EAF/oral FR-EAF-ORAL/standard FR-MAI/standard PHI/standard EDS-SVT/NT EDS-HGGSP/NT GO/standard TC-HG/TLE TC-EMC/TLE FR-POS/standard FR-POS-ORAL/standard,10,12,585,65,audit-fixtures/combinaisons/Terminale/P2_SVT-HGGSP_EAF-oral-seul_EAF-oral.zip,,oui
P2_SVT-HGGSP_EAF-ecrit-et-oral_EAF-les_deux,Terminale,P2,SVT+HGGSP,EAF-ecrit-et-oral,QP/standard MET/standard TC-ES/TLE FR-EAF/standard FR-EAF-ORAL/standard FR-MAI/standard PHI/standard EDS-SVT/NT EDS-HGGSP/NT GO/standard TC-HG/TLE TC-EMC/TLE FR-POS/standard FR-POS-ORAL/standard,10,12,625,68,audit-fixtures/combinaisons/Terminale/P2_SVT-HGGSP_EAF-ecrit-et-oral_EAF-les_deux.zip,,oui
P2_SVT-HLP_EAF-non-requise,Terminale,P2,SVT+HLP,EAF-non-requise,QP/standard MET/standard TC-ES/TLE FR-MAI/standard PHI/standard EDS-SVT/NT EDS-HLP/NT GO/standard TC-HG/TLE TC-EMC/TLE,8,8,460,50,audit-fixtures/combinaisons/Terminale/P2_SVT-HLP_EAF-non-requise.zip,,oui
P2_SVT-HLP_EAF-non-requise_MATH-EA-due,Terminale,P2,SVT+HLP,EAF-non-requise,QP/standard MET/standard TC-ES/TLE FR-MAI/standard MATH-EA/SPECIFIQUES PHI/standard EDS-SVT/NT EDS-HLP/NT GO/standard TC-HG/TLE TC-EMC/TLE,9,9,535,63,audit-fixtures/combinaisons/Terminale/P2_SVT-HLP_EAF-non-requise_MATH-EA-due.zip,,oui
P2_SVT-HLP_EAF-ecrit-seul_EAF-ecrit,Terminale,P2,SVT+HLP,EAF-ecrit-seul,QP/standard MET/standard TC-ES/TLE FR-EAF/ecrit FR-MAI/standard PHI/standard EDS-SVT/NT EDS-HLP/NT GO/standard TC-HG/TLE TC-EMC/TLE FR-POS/standard FR-POS-ORAL/standard,10,11,595,67,audit-fixtures/combinaisons/Terminale/P2_SVT-HLP_EAF-ecrit-seul_EAF-ecrit.zip,,oui
P2_SVT-HLP_EAF-oral-seul_EAF-oral,Terminale,P2,SVT+HLP,EAF-oral-seul,QP/standard MET/standard TC-ES/TLE FR-EAF/oral FR-EAF-ORAL/standard FR-MAI/standard PHI/standard EDS-SVT/NT EDS-HLP/NT GO/standard TC-HG/TLE TC-EMC/TLE FR-POS/standard FR-POS-ORAL/standard,10,12,585,65,audit-fixtures/combinaisons/Terminale/P2_SVT-HLP_EAF-oral-seul_EAF-oral.zip,,oui
P2_SVT-HLP_EAF-ecrit-et-oral_EAF-les_deux,Terminale,P2,SVT+HLP,EAF-ecrit-et-oral,QP/standard MET/standard TC-ES/TLE FR-EAF/standard FR-EAF-ORAL/standard FR-MAI/standard PHI/standard EDS-SVT/NT EDS-HLP/NT GO/standard TC-HG/TLE TC-EMC/TLE FR-POS/standard FR-POS-ORAL/standard,10,12,625,68,audit-fixtures/combinaisons/Terminale/P2_SVT-HLP_EAF-ecrit-et-oral_EAF-les_deux.zip,,oui
P2_SES-HGGSP_EAF-non-requise,Terminale,P2,SES+HGGSP,EAF-non-requise,QP/standard MET/standard TC-ES/TLE FR-MAI/standard PHI/standard EDS-SES/NT EDS-HGGSP/NT GO/standard TC-HG/TLE TC-EMC/TLE,8,8,460,48,audit-fixtures/combinaisons/Terminale/P2_SES-HGGSP_EAF-non-requise.zip,,oui
P2_SES-HGGSP_EAF-non-requise_MATH-EA-due,Terminale,P2,SES+HGGSP,EAF-non-requise,QP/standard MET/standard TC-ES/TLE FR-MAI/standard MATH-EA/SPECIFIQUES PHI/standard EDS-SES/NT EDS-HGGSP/NT GO/standard TC-HG/TLE TC-EMC/TLE,9,9,535,61,audit-fixtures/combinaisons/Terminale/P2_SES-HGGSP_EAF-non-requise_MATH-EA-due.zip,,oui
P2_SES-HGGSP_EAF-ecrit-seul_EAF-ecrit,Terminale,P2,SES+HGGSP,EAF-ecrit-seul,QP/standard MET/standard TC-ES/TLE FR-EAF/ecrit FR-MAI/standard PHI/standard EDS-SES/NT EDS-HGGSP/NT GO/standard TC-HG/TLE TC-EMC/TLE FR-POS/standard FR-POS-ORAL/standard,10,11,595,65,audit-fixtures/combinaisons/Terminale/P2_SES-HGGSP_EAF-ecrit-seul_EAF-ecrit.zip,,oui
P2_SES-HGGSP_EAF-oral-seul_EAF-oral,Terminale,P2,SES+HGGSP,EAF-oral-seul,QP/standard MET/standard TC-ES/TLE FR-EAF/oral FR-EAF-ORAL/standard FR-MAI/standard PHI/standard EDS-SES/NT EDS-HGGSP/NT GO/standard TC-HG/TLE TC-EMC/TLE FR-POS/standard FR-POS-ORAL/standard,10,12,585,63,audit-fixtures/combinaisons/Terminale/P2_SES-HGGSP_EAF-oral-seul_EAF-oral.zip,,oui
P2_SES-HGGSP_EAF-ecrit-et-oral_EAF-les_deux,Terminale,P2,SES+HGGSP,EAF-ecrit-et-oral,QP/standard MET/standard TC-ES/TLE FR-EAF/standard FR-EAF-ORAL/standard FR-MAI/standard PHI/standard EDS-SES/NT EDS-HGGSP/NT GO/standard TC-HG/TLE TC-EMC/TLE FR-POS/standard FR-POS-ORAL/standard,10,12,625,66,audit-fixtures/combinaisons/Terminale/P2_SES-HGGSP_EAF-ecrit-et-oral_EAF-les_deux.zip,,oui
P2_SES-HLP_EAF-non-requise,Terminale,P2,SES+HLP,EAF-non-requise,QP/standard MET/standard TC-ES/TLE FR-MAI/standard PHI/standard EDS-SES/NT EDS-HLP/NT GO/standard TC-HG/TLE TC-EMC/TLE,8,8,460,48,audit-fixtures/combinaisons/Terminale/P2_SES-HLP_EAF-non-requise.zip,,oui
P2_SES-HLP_EAF-non-requise_MATH-EA-due,Terminale,P2,SES+HLP,EAF-non-requise,QP/standard MET/standard TC-ES/TLE FR-MAI/standard MATH-EA/SPECIFIQUES PHI/standard EDS-SES/NT EDS-HLP/NT GO/standard TC-HG/TLE TC-EMC/TLE,9,9,535,61,audit-fixtures/combinaisons/Terminale/P2_SES-HLP_EAF-non-requise_MATH-EA-due.zip,,oui
P2_SES-HLP_EAF-ecrit-seul_EAF-ecrit,Terminale,P2,SES+HLP,EAF-ecrit-seul,QP/standard MET/standard TC-ES/TLE FR-EAF/ecrit FR-MAI/standard PHI/standard EDS-SES/NT EDS-HLP/NT GO/standard TC-HG/TLE TC-EMC/TLE FR-POS/standard FR-POS-ORAL/standard,10,11,595,65,audit-fixtures/combinaisons/Terminale/P2_SES-HLP_EAF-ecrit-seul_EAF-ecrit.zip,,oui
P2_SES-HLP_EAF-oral-seul_EAF-oral,Terminale,P2,SES+HLP,EAF-oral-seul,QP/standard MET/standard TC-ES/TLE FR-EAF/oral FR-EAF-ORAL/standard FR-MAI/standard PHI/standard EDS-SES/NT EDS-HLP/NT GO/standard TC-HG/TLE TC-EMC/TLE FR-POS/standard FR-POS-ORAL/standard,10,12,585,63,audit-fixtures/combinaisons/Terminale/P2_SES-HLP_EAF-oral-seul_EAF-oral.zip,,oui
P2_SES-HLP_EAF-ecrit-et-oral_EAF-les_deux,Terminale,P2,SES+HLP,EAF-ecrit-et-oral,QP/standard MET/standard TC-ES/TLE FR-EAF/standard FR-EAF-ORAL/standard FR-MAI/standard PHI/standard EDS-SES/NT EDS-HLP/NT GO/standard TC-HG/TLE TC-EMC/TLE FR-POS/standard FR-POS-ORAL/standard,10,12,625,66,audit-fixtures/combinaisons/Terminale/P2_SES-HLP_EAF-ecrit-et-oral_EAF-les_deux.zip,,oui
P2_HGGSP-HLP_EAF-non-requise,Terminale,P2,HGGSP+HLP,EAF-non-requise,QP/standard MET/standard TC-ES/TLE FR-MAI/standard PHI/standard EDS-HGGSP/NT EDS-HLP/NT GO/standard TC-HG/TLE TC-EMC/TLE,8,8,460,48,audit-fixtures/combinaisons/Terminale/P2_HGGSP-HLP_EAF-non-requise.zip,,oui
P2_HGGSP-HLP_EAF-non-requise_MATH-EA-due,Terminale,P2,HGGSP+HLP,EAF-non-requise,QP/standard MET/standard TC-ES/TLE FR-MAI/standard MATH-EA/SPECIFIQUES PHI/standard EDS-HGGSP/NT EDS-HLP/NT GO/standard TC-HG/TLE TC-EMC/TLE,9,9,535,61,audit-fixtures/combinaisons/Terminale/P2_HGGSP-HLP_EAF-non-requise_MATH-EA-due.zip,,oui
P2_HGGSP-HLP_EAF-ecrit-seul_EAF-ecrit,Terminale,P2,HGGSP+HLP,EAF-ecrit-seul,QP/standard MET/standard TC-ES/TLE FR-EAF/ecrit FR-MAI/standard PHI/standard EDS-HGGSP/NT EDS-HLP/NT GO/standard TC-HG/TLE TC-EMC/TLE FR-POS/standard FR-POS-ORAL/standard,10,11,595,65,audit-fixtures/combinaisons/Terminale/P2_HGGSP-HLP_EAF-ecrit-seul_EAF-ecrit.zip,,oui
P2_HGGSP-HLP_EAF-oral-seul_EAF-oral,Terminale,P2,HGGSP+HLP,EAF-oral-seul,QP/standard MET/standard TC-ES/TLE FR-EAF/oral FR-EAF-ORAL/standard FR-MAI/standard PHI/standard EDS-HGGSP/NT EDS-HLP/NT GO/standard TC-HG/TLE TC-EMC/TLE FR-POS/standard FR-POS-ORAL/standard,10,12,585,63,audit-fixtures/combinaisons/Terminale/P2_HGGSP-HLP_EAF-oral-seul_EAF-oral.zip,,oui
P2_HGGSP-HLP_EAF-ecrit-et-oral_EAF-les_deux,Terminale,P2,HGGSP+HLP,EAF-ecrit-et-oral,QP/standard MET/standard TC-ES/TLE FR-EAF/standard FR-EAF-ORAL/standard FR-MAI/standard PHI/standard EDS-HGGSP/NT EDS-HLP/NT GO/standard TC-HG/TLE TC-EMC/TLE FR-POS/standard FR-POS-ORAL/standard,10,12,625,66,audit-fixtures/combinaisons/Terminale/P2_HGGSP-HLP_EAF-ecrit-et-oral_EAF-les_deux.zip,,oui
P3_MATH-PC-NSI_EAF-ecrit-et-oral,Premiere-et-Terminale,P3,MATH+PC+NSI,EAF-ecrit-et-oral,QP/standard MET/standard TC-ES/ETENDUE FR-EAF/standard FR-EAF-ORAL/standard MATH-EA/SPE PHI/standard EDS-MATH/NT EDS-PC/NT EDS-NSI/NT GO/standard TC-HG/ETENDUE TC-EMC/ETENDUE FR-POS/standard FR-POS-ORAL/standard,11,13,765,81,audit-fixtures/combinaisons/Premiere-et-Terminale/P3_MATH-PC-NSI_EAF-ecrit-et-oral.zip,,oui
P3_MATH-PC-NSI_EAF-ecrit-et-oral_FR-MAI-requis,Premiere-et-Terminale,P3,MATH+PC+NSI,EAF-ecrit-et-oral,QP/standard MET/standard TC-ES/ETENDUE FR-EAF/standard FR-EAF-ORAL/standard FR-MAI/standard MATH-EA/SPE PHI/standard EDS-MATH/NT EDS-PC/NT EDS-NSI/NT GO/standard TC-HG/ETENDUE TC-EMC/ETENDUE FR-POS/standard FR-POS-ORAL/standard,12,14,825,88,audit-fixtures/combinaisons/Premiere-et-Terminale/P3_MATH-PC-NSI_EAF-ecrit-et-oral_FR-MAI-requis.zip,,oui
P3_MATH-PC-SVT_EAF-ecrit-et-oral,Premiere-et-Terminale,P3,MATH+PC+SVT,EAF-ecrit-et-oral,QP/standard MET/standard TC-ES/ETENDUE FR-EAF/standard FR-EAF-ORAL/standard MATH-EA/SPE PHI/standard EDS-MATH/NT EDS-PC/NT EDS-SVT/NT GO/standard TC-HG/ETENDUE TC-EMC/ETENDUE FR-POS/standard FR-POS-ORAL/standard,11,13,765,83,audit-fixtures/combinaisons/Premiere-et-Terminale/P3_MATH-PC-SVT_EAF-ecrit-et-oral.zip,,oui
P3_MATH-PC-SVT_EAF-ecrit-et-oral_FR-MAI-requis,Premiere-et-Terminale,P3,MATH+PC+SVT,EAF-ecrit-et-oral,QP/standard MET/standard TC-ES/ETENDUE FR-EAF/standard FR-EAF-ORAL/standard FR-MAI/standard MATH-EA/SPE PHI/standard EDS-MATH/NT EDS-PC/NT EDS-SVT/NT GO/standard TC-HG/ETENDUE TC-EMC/ETENDUE FR-POS/standard FR-POS-ORAL/standard,12,14,825,90,audit-fixtures/combinaisons/Premiere-et-Terminale/P3_MATH-PC-SVT_EAF-ecrit-et-oral_FR-MAI-requis.zip,,oui
P3_MATH-PC-SES_EAF-ecrit-et-oral,Premiere-et-Terminale,P3,MATH+PC+SES,EAF-ecrit-et-oral,QP/standard MET/standard TC-ES/ETENDUE FR-EAF/standard FR-EAF-ORAL/standard MATH-EA/SPE PHI/standard EDS-MATH/NT EDS-PC/NT EDS-SES/NT GO/standard TC-HG/ETENDUE TC-EMC/ETENDUE FR-POS/standard FR-POS-ORAL/standard,11,13,765,81,audit-fixtures/combinaisons/Premiere-et-Terminale/P3_MATH-PC-SES_EAF-ecrit-et-oral.zip,,oui
P3_MATH-PC-SES_EAF-ecrit-et-oral_FR-MAI-requis,Premiere-et-Terminale,P3,MATH+PC+SES,EAF-ecrit-et-oral,QP/standard MET/standard TC-ES/ETENDUE FR-EAF/standard FR-EAF-ORAL/standard FR-MAI/standard MATH-EA/SPE PHI/standard EDS-MATH/NT EDS-PC/NT EDS-SES/NT GO/standard TC-HG/ETENDUE TC-EMC/ETENDUE FR-POS/standard FR-POS-ORAL/standard,12,14,825,88,audit-fixtures/combinaisons/Premiere-et-Terminale/P3_MATH-PC-SES_EAF-ecrit-et-oral_FR-MAI-requis.zip,,oui
P3_MATH-PC-HGGSP_EAF-ecrit-et-oral,Premiere-et-Terminale,P3,MATH+PC+HGGSP,EAF-ecrit-et-oral,QP/standard MET/standard TC-ES/ETENDUE FR-EAF/standard FR-EAF-ORAL/standard MATH-EA/SPE PHI/standard EDS-MATH/NT EDS-PC/NT EDS-HGGSP/NT GO/standard TC-HG/ETENDUE TC-EMC/ETENDUE FR-POS/standard FR-POS-ORAL/standard,11,13,765,81,audit-fixtures/combinaisons/Premiere-et-Terminale/P3_MATH-PC-HGGSP_EAF-ecrit-et-oral.zip,,oui
P3_MATH-PC-HGGSP_EAF-ecrit-et-oral_FR-MAI-requis,Premiere-et-Terminale,P3,MATH+PC+HGGSP,EAF-ecrit-et-oral,QP/standard MET/standard TC-ES/ETENDUE FR-EAF/standard FR-EAF-ORAL/standard FR-MAI/standard MATH-EA/SPE PHI/standard EDS-MATH/NT EDS-PC/NT EDS-HGGSP/NT GO/standard TC-HG/ETENDUE TC-EMC/ETENDUE FR-POS/standard FR-POS-ORAL/standard,12,14,825,88,audit-fixtures/combinaisons/Premiere-et-Terminale/P3_MATH-PC-HGGSP_EAF-ecrit-et-oral_FR-MAI-requis.zip,,oui
P3_MATH-PC-HLP_EAF-ecrit-et-oral,Premiere-et-Terminale,P3,MATH+PC+HLP,EAF-ecrit-et-oral,QP/standard MET/standard TC-ES/ETENDUE FR-EAF/standard FR-EAF-ORAL/standard MATH-EA/SPE PHI/standard EDS-MATH/NT EDS-PC/NT EDS-HLP/NT GO/standard TC-HG/ETENDUE TC-EMC/ETENDUE FR-POS/standard FR-POS-ORAL/standard,11,13,765,81,audit-fixtures/combinaisons/Premiere-et-Terminale/P3_MATH-PC-HLP_EAF-ecrit-et-oral.zip,,oui
P3_MATH-PC-HLP_EAF-ecrit-et-oral_FR-MAI-requis,Premiere-et-Terminale,P3,MATH+PC+HLP,EAF-ecrit-et-oral,QP/standard MET/standard TC-ES/ETENDUE FR-EAF/standard FR-EAF-ORAL/standard FR-MAI/standard MATH-EA/SPE PHI/standard EDS-MATH/NT EDS-PC/NT EDS-HLP/NT GO/standard TC-HG/ETENDUE TC-EMC/ETENDUE FR-POS/standard FR-POS-ORAL/standard,12,14,825,88,audit-fixtures/combinaisons/Premiere-et-Terminale/P3_MATH-PC-HLP_EAF-ecrit-et-oral_FR-MAI-requis.zip,,oui
P3_MATH-NSI-SVT_EAF-ecrit-et-oral,Premiere-et-Terminale,P3,MATH+NSI+SVT,EAF-ecrit-et-oral,QP/standard MET/standard TC-ES/ETENDUE FR-EAF/standard FR-EAF-ORAL/standard MATH-EA/SPE PHI/standard EDS-MATH/NT EDS-NSI/NT EDS-SVT/NT GO/standard TC-HG/ETENDUE TC-EMC/ETENDUE FR-POS/standard FR-POS-ORAL/standard,11,13,765,83,audit-fixtures/combinaisons/Premiere-et-Terminale/P3_MATH-NSI-SVT_EAF-ecrit-et-oral.zip,,oui
P3_MATH-NSI-SVT_EAF-ecrit-et-oral_FR-MAI-requis,Premiere-et-Terminale,P3,MATH+NSI+SVT,EAF-ecrit-et-oral,QP/standard MET/standard TC-ES/ETENDUE FR-EAF/standard FR-EAF-ORAL/standard FR-MAI/standard MATH-EA/SPE PHI/standard EDS-MATH/NT EDS-NSI/NT EDS-SVT/NT GO/standard TC-HG/ETENDUE TC-EMC/ETENDUE FR-POS/standard FR-POS-ORAL/standard,12,14,825,90,audit-fixtures/combinaisons/Premiere-et-Terminale/P3_MATH-NSI-SVT_EAF-ecrit-et-oral_FR-MAI-requis.zip,,oui
P3_MATH-NSI-SES_EAF-ecrit-et-oral,Premiere-et-Terminale,P3,MATH+NSI+SES,EAF-ecrit-et-oral,QP/standard MET/standard TC-ES/ETENDUE FR-EAF/standard FR-EAF-ORAL/standard MATH-EA/SPE PHI/standard EDS-MATH/NT EDS-NSI/NT EDS-SES/NT GO/standard TC-HG/ETENDUE TC-EMC/ETENDUE FR-POS/standard FR-POS-ORAL/standard,11,13,765,81,audit-fixtures/combinaisons/Premiere-et-Terminale/P3_MATH-NSI-SES_EAF-ecrit-et-oral.zip,,oui
P3_MATH-NSI-SES_EAF-ecrit-et-oral_FR-MAI-requis,Premiere-et-Terminale,P3,MATH+NSI+SES,EAF-ecrit-et-oral,QP/standard MET/standard TC-ES/ETENDUE FR-EAF/standard FR-EAF-ORAL/standard FR-MAI/standard MATH-EA/SPE PHI/standard EDS-MATH/NT EDS-NSI/NT EDS-SES/NT GO/standard TC-HG/ETENDUE TC-EMC/ETENDUE FR-POS/standard FR-POS-ORAL/standard,12,14,825,88,audit-fixtures/combinaisons/Premiere-et-Terminale/P3_MATH-NSI-SES_EAF-ecrit-et-oral_FR-MAI-requis.zip,,oui
P3_MATH-NSI-HGGSP_EAF-ecrit-et-oral,Premiere-et-Terminale,P3,MATH+NSI+HGGSP,EAF-ecrit-et-oral,QP/standard MET/standard TC-ES/ETENDUE FR-EAF/standard FR-EAF-ORAL/standard MATH-EA/SPE PHI/standard EDS-MATH/NT EDS-NSI/NT EDS-HGGSP/NT GO/standard TC-HG/ETENDUE TC-EMC/ETENDUE FR-POS/standard FR-POS-ORAL/standard,11,13,765,81,audit-fixtures/combinaisons/Premiere-et-Terminale/P3_MATH-NSI-HGGSP_EAF-ecrit-et-oral.zip,,oui
P3_MATH-NSI-HGGSP_EAF-ecrit-et-oral_FR-MAI-requis,Premiere-et-Terminale,P3,MATH+NSI+HGGSP,EAF-ecrit-et-oral,QP/standard MET/standard TC-ES/ETENDUE FR-EAF/standard FR-EAF-ORAL/standard FR-MAI/standard MATH-EA/SPE PHI/standard EDS-MATH/NT EDS-NSI/NT EDS-HGGSP/NT GO/standard TC-HG/ETENDUE TC-EMC/ETENDUE FR-POS/standard FR-POS-ORAL/standard,12,14,825,88,audit-fixtures/combinaisons/Premiere-et-Terminale/P3_MATH-NSI-HGGSP_EAF-ecrit-et-oral_FR-MAI-requis.zip,,oui
P3_MATH-NSI-HLP_EAF-ecrit-et-oral,Premiere-et-Terminale,P3,MATH+NSI+HLP,EAF-ecrit-et-oral,QP/standard MET/standard TC-ES/ETENDUE FR-EAF/standard FR-EAF-ORAL/standard MATH-EA/SPE PHI/standard EDS-MATH/NT EDS-NSI/NT EDS-HLP/NT GO/standard TC-HG/ETENDUE TC-EMC/ETENDUE FR-POS/standard FR-POS-ORAL/standard,11,13,765,81,audit-fixtures/combinaisons/Premiere-et-Terminale/P3_MATH-NSI-HLP_EAF-ecrit-et-oral.zip,,oui
P3_MATH-NSI-HLP_EAF-ecrit-et-oral_FR-MAI-requis,Premiere-et-Terminale,P3,MATH+NSI+HLP,EAF-ecrit-et-oral,QP/standard MET/standard TC-ES/ETENDUE FR-EAF/standard FR-EAF-ORAL/standard FR-MAI/standard MATH-EA/SPE PHI/standard EDS-MATH/NT EDS-NSI/NT EDS-HLP/NT GO/standard TC-HG/ETENDUE TC-EMC/ETENDUE FR-POS/standard FR-POS-ORAL/standard,12,14,825,88,audit-fixtures/combinaisons/Premiere-et-Terminale/P3_MATH-NSI-HLP_EAF-ecrit-et-oral_FR-MAI-requis.zip,,oui
P3_MATH-SVT-SES_EAF-ecrit-et-oral,Premiere-et-Terminale,P3,MATH+SVT+SES,EAF-ecrit-et-oral,QP/standard MET/standard TC-ES/ETENDUE FR-EAF/standard FR-EAF-ORAL/standard MATH-EA/SPE PHI/standard EDS-MATH/NT EDS-SVT/NT EDS-SES/NT GO/standard TC-HG/ETENDUE TC-EMC/ETENDUE FR-POS/standard FR-POS-ORAL/standard,11,13,765,83,audit-fixtures/combinaisons/Premiere-et-Terminale/P3_MATH-SVT-SES_EAF-ecrit-et-oral.zip,,oui
P3_MATH-SVT-SES_EAF-ecrit-et-oral_FR-MAI-requis,Premiere-et-Terminale,P3,MATH+SVT+SES,EAF-ecrit-et-oral,QP/standard MET/standard TC-ES/ETENDUE FR-EAF/standard FR-EAF-ORAL/standard FR-MAI/standard MATH-EA/SPE PHI/standard EDS-MATH/NT EDS-SVT/NT EDS-SES/NT GO/standard TC-HG/ETENDUE TC-EMC/ETENDUE FR-POS/standard FR-POS-ORAL/standard,12,14,825,90,audit-fixtures/combinaisons/Premiere-et-Terminale/P3_MATH-SVT-SES_EAF-ecrit-et-oral_FR-MAI-requis.zip,,oui
P3_MATH-SVT-HGGSP_EAF-ecrit-et-oral,Premiere-et-Terminale,P3,MATH+SVT+HGGSP,EAF-ecrit-et-oral,QP/standard MET/standard TC-ES/ETENDUE FR-EAF/standard FR-EAF-ORAL/standard MATH-EA/SPE PHI/standard EDS-MATH/NT EDS-SVT/NT EDS-HGGSP/NT GO/standard TC-HG/ETENDUE TC-EMC/ETENDUE FR-POS/standard FR-POS-ORAL/standard,11,13,765,83,audit-fixtures/combinaisons/Premiere-et-Terminale/P3_MATH-SVT-HGGSP_EAF-ecrit-et-oral.zip,,oui
P3_MATH-SVT-HGGSP_EAF-ecrit-et-oral_FR-MAI-requis,Premiere-et-Terminale,P3,MATH+SVT+HGGSP,EAF-ecrit-et-oral,QP/standard MET/standard TC-ES/ETENDUE FR-EAF/standard FR-EAF-ORAL/standard FR-MAI/standard MATH-EA/SPE PHI/standard EDS-MATH/NT EDS-SVT/NT EDS-HGGSP/NT GO/standard TC-HG/ETENDUE TC-EMC/ETENDUE FR-POS/standard FR-POS-ORAL/standard,12,14,825,90,audit-fixtures/combinaisons/Premiere-et-Terminale/P3_MATH-SVT-HGGSP_EAF-ecrit-et-oral_FR-MAI-requis.zip,,oui
P3_MATH-SVT-HLP_EAF-ecrit-et-oral,Premiere-et-Terminale,P3,MATH+SVT+HLP,EAF-ecrit-et-oral,QP/standard MET/standard TC-ES/ETENDUE FR-EAF/standard FR-EAF-ORAL/standard MATH-EA/SPE PHI/standard EDS-MATH/NT EDS-SVT/NT EDS-HLP/NT GO/standard TC-HG/ETENDUE TC-EMC/ETENDUE FR-POS/standard FR-POS-ORAL/standard,11,13,765,83,audit-fixtures/combinaisons/Premiere-et-Terminale/P3_MATH-SVT-HLP_EAF-ecrit-et-oral.zip,,oui
P3_MATH-SVT-HLP_EAF-ecrit-et-oral_FR-MAI-requis,Premiere-et-Terminale,P3,MATH+SVT+HLP,EAF-ecrit-et-oral,QP/standard MET/standard TC-ES/ETENDUE FR-EAF/standard FR-EAF-ORAL/standard FR-MAI/standard MATH-EA/SPE PHI/standard EDS-MATH/NT EDS-SVT/NT EDS-HLP/NT GO/standard TC-HG/ETENDUE TC-EMC/ETENDUE FR-POS/standard FR-POS-ORAL/standard,12,14,825,90,audit-fixtures/combinaisons/Premiere-et-Terminale/P3_MATH-SVT-HLP_EAF-ecrit-et-oral_FR-MAI-requis.zip,,oui
P3_MATH-SES-HGGSP_EAF-ecrit-et-oral,Premiere-et-Terminale,P3,MATH+SES+HGGSP,EAF-ecrit-et-oral,QP/standard MET/standard TC-ES/ETENDUE FR-EAF/standard FR-EAF-ORAL/standard MATH-EA/SPE PHI/standard EDS-MATH/NT EDS-SES/NT EDS-HGGSP/NT GO/standard TC-HG/ETENDUE TC-EMC/ETENDUE FR-POS/standard FR-POS-ORAL/standard,11,13,765,81,audit-fixtures/combinaisons/Premiere-et-Terminale/P3_MATH-SES-HGGSP_EAF-ecrit-et-oral.zip,,oui
P3_MATH-SES-HGGSP_EAF-ecrit-et-oral_FR-MAI-requis,Premiere-et-Terminale,P3,MATH+SES+HGGSP,EAF-ecrit-et-oral,QP/standard MET/standard TC-ES/ETENDUE FR-EAF/standard FR-EAF-ORAL/standard FR-MAI/standard MATH-EA/SPE PHI/standard EDS-MATH/NT EDS-SES/NT EDS-HGGSP/NT GO/standard TC-HG/ETENDUE TC-EMC/ETENDUE FR-POS/standard FR-POS-ORAL/standard,12,14,825,88,audit-fixtures/combinaisons/Premiere-et-Terminale/P3_MATH-SES-HGGSP_EAF-ecrit-et-oral_FR-MAI-requis.zip,,oui
P3_MATH-SES-HLP_EAF-ecrit-et-oral,Premiere-et-Terminale,P3,MATH+SES+HLP,EAF-ecrit-et-oral,QP/standard MET/standard TC-ES/ETENDUE FR-EAF/standard FR-EAF-ORAL/standard MATH-EA/SPE PHI/standard EDS-MATH/NT EDS-SES/NT EDS-HLP/NT GO/standard TC-HG/ETENDUE TC-EMC/ETENDUE FR-POS/standard FR-POS-ORAL/standard,11,13,765,81,audit-fixtures/combinaisons/Premiere-et-Terminale/P3_MATH-SES-HLP_EAF-ecrit-et-oral.zip,,oui
P3_MATH-SES-HLP_EAF-ecrit-et-oral_FR-MAI-requis,Premiere-et-Terminale,P3,MATH+SES+HLP,EAF-ecrit-et-oral,QP/standard MET/standard TC-ES/ETENDUE FR-EAF/standard FR-EAF-ORAL/standard FR-MAI/standard MATH-EA/SPE PHI/standard EDS-MATH/NT EDS-SES/NT EDS-HLP/NT GO/standard TC-HG/ETENDUE TC-EMC/ETENDUE FR-POS/standard FR-POS-ORAL/standard,12,14,825,88,audit-fixtures/combinaisons/Premiere-et-Terminale/P3_MATH-SES-HLP_EAF-ecrit-et-oral_FR-MAI-requis.zip,,oui
P3_MATH-HGGSP-HLP_EAF-ecrit-et-oral,Premiere-et-Terminale,P3,MATH+HGGSP+HLP,EAF-ecrit-et-oral,QP/standard MET/standard TC-ES/ETENDUE FR-EAF/standard FR-EAF-ORAL/standard MATH-EA/SPE PHI/standard EDS-MATH/NT EDS-HGGSP/NT EDS-HLP/NT GO/standard TC-HG/ETENDUE TC-EMC/ETENDUE FR-POS/standard FR-POS-ORAL/standard,11,13,765,81,audit-fixtures/combinaisons/Premiere-et-Terminale/P3_MATH-HGGSP-HLP_EAF-ecrit-et-oral.zip,,oui
P3_MATH-HGGSP-HLP_EAF-ecrit-et-oral_FR-MAI-requis,Premiere-et-Terminale,P3,MATH+HGGSP+HLP,EAF-ecrit-et-oral,QP/standard MET/standard TC-ES/ETENDUE FR-EAF/standard FR-EAF-ORAL/standard FR-MAI/standard MATH-EA/SPE PHI/standard EDS-MATH/NT EDS-HGGSP/NT EDS-HLP/NT GO/standard TC-HG/ETENDUE TC-EMC/ETENDUE FR-POS/standard FR-POS-ORAL/standard,12,14,825,88,audit-fixtures/combinaisons/Premiere-et-Terminale/P3_MATH-HGGSP-HLP_EAF-ecrit-et-oral_FR-MAI-requis.zip,,oui
P3_PC-NSI-SVT_EAF-ecrit-et-oral,Premiere-et-Terminale,P3,PC+NSI+SVT,EAF-ecrit-et-oral,QP/standard MET/standard TC-ES/ETENDUE FR-EAF/standard FR-EAF-ORAL/standard MATH-EA/SPECIFIQUES PHI/standard EDS-PC/NT EDS-NSI/NT EDS-SVT/NT GO/standard TC-HG/ETENDUE TC-EMC/ETENDUE FR-POS/standard FR-POS-ORAL/standard,11,13,765,83,audit-fixtures/combinaisons/Premiere-et-Terminale/P3_PC-NSI-SVT_EAF-ecrit-et-oral.zip,,oui
P3_PC-NSI-SVT_EAF-ecrit-et-oral_FR-MAI-requis,Premiere-et-Terminale,P3,PC+NSI+SVT,EAF-ecrit-et-oral,QP/standard MET/standard TC-ES/ETENDUE FR-EAF/standard FR-EAF-ORAL/standard FR-MAI/standard MATH-EA/SPECIFIQUES PHI/standard EDS-PC/NT EDS-NSI/NT EDS-SVT/NT GO/standard TC-HG/ETENDUE TC-EMC/ETENDUE FR-POS/standard FR-POS-ORAL/standard,12,14,825,90,audit-fixtures/combinaisons/Premiere-et-Terminale/P3_PC-NSI-SVT_EAF-ecrit-et-oral_FR-MAI-requis.zip,,oui
P3_PC-NSI-SES_EAF-ecrit-et-oral,Premiere-et-Terminale,P3,PC+NSI+SES,EAF-ecrit-et-oral,QP/standard MET/standard TC-ES/ETENDUE FR-EAF/standard FR-EAF-ORAL/standard MATH-EA/SPECIFIQUES PHI/standard EDS-PC/NT EDS-NSI/NT EDS-SES/NT GO/standard TC-HG/ETENDUE TC-EMC/ETENDUE FR-POS/standard FR-POS-ORAL/standard,11,13,765,81,audit-fixtures/combinaisons/Premiere-et-Terminale/P3_PC-NSI-SES_EAF-ecrit-et-oral.zip,,oui
P3_PC-NSI-SES_EAF-ecrit-et-oral_FR-MAI-requis,Premiere-et-Terminale,P3,PC+NSI+SES,EAF-ecrit-et-oral,QP/standard MET/standard TC-ES/ETENDUE FR-EAF/standard FR-EAF-ORAL/standard FR-MAI/standard MATH-EA/SPECIFIQUES PHI/standard EDS-PC/NT EDS-NSI/NT EDS-SES/NT GO/standard TC-HG/ETENDUE TC-EMC/ETENDUE FR-POS/standard FR-POS-ORAL/standard,12,14,825,88,audit-fixtures/combinaisons/Premiere-et-Terminale/P3_PC-NSI-SES_EAF-ecrit-et-oral_FR-MAI-requis.zip,,oui
P3_PC-NSI-HGGSP_EAF-ecrit-et-oral,Premiere-et-Terminale,P3,PC+NSI+HGGSP,EAF-ecrit-et-oral,QP/standard MET/standard TC-ES/ETENDUE FR-EAF/standard FR-EAF-ORAL/standard MATH-EA/SPECIFIQUES PHI/standard EDS-PC/NT EDS-NSI/NT EDS-HGGSP/NT GO/standard TC-HG/ETENDUE TC-EMC/ETENDUE FR-POS/standard FR-POS-ORAL/standard,11,13,765,81,audit-fixtures/combinaisons/Premiere-et-Terminale/P3_PC-NSI-HGGSP_EAF-ecrit-et-oral.zip,,oui
P3_PC-NSI-HGGSP_EAF-ecrit-et-oral_FR-MAI-requis,Premiere-et-Terminale,P3,PC+NSI+HGGSP,EAF-ecrit-et-oral,QP/standard MET/standard TC-ES/ETENDUE FR-EAF/standard FR-EAF-ORAL/standard FR-MAI/standard MATH-EA/SPECIFIQUES PHI/standard EDS-PC/NT EDS-NSI/NT EDS-HGGSP/NT GO/standard TC-HG/ETENDUE TC-EMC/ETENDUE FR-POS/standard FR-POS-ORAL/standard,12,14,825,88,audit-fixtures/combinaisons/Premiere-et-Terminale/P3_PC-NSI-HGGSP_EAF-ecrit-et-oral_FR-MAI-requis.zip,,oui
P3_PC-NSI-HLP_EAF-ecrit-et-oral,Premiere-et-Terminale,P3,PC+NSI+HLP,EAF-ecrit-et-oral,QP/standard MET/standard TC-ES/ETENDUE FR-EAF/standard FR-EAF-ORAL/standard MATH-EA/SPECIFIQUES PHI/standard EDS-PC/NT EDS-NSI/NT EDS-HLP/NT GO/standard TC-HG/ETENDUE TC-EMC/ETENDUE FR-POS/standard FR-POS-ORAL/standard,11,13,765,81,audit-fixtures/combinaisons/Premiere-et-Terminale/P3_PC-NSI-HLP_EAF-ecrit-et-oral.zip,,oui
P3_PC-NSI-HLP_EAF-ecrit-et-oral_FR-MAI-requis,Premiere-et-Terminale,P3,PC+NSI+HLP,EAF-ecrit-et-oral,QP/standard MET/standard TC-ES/ETENDUE FR-EAF/standard FR-EAF-ORAL/standard FR-MAI/standard MATH-EA/SPECIFIQUES PHI/standard EDS-PC/NT EDS-NSI/NT EDS-HLP/NT GO/standard TC-HG/ETENDUE TC-EMC/ETENDUE FR-POS/standard FR-POS-ORAL/standard,12,14,825,88,audit-fixtures/combinaisons/Premiere-et-Terminale/P3_PC-NSI-HLP_EAF-ecrit-et-oral_FR-MAI-requis.zip,,oui
P3_PC-SVT-SES_EAF-ecrit-et-oral,Premiere-et-Terminale,P3,PC+SVT+SES,EAF-ecrit-et-oral,QP/standard MET/standard TC-ES/ETENDUE FR-EAF/standard FR-EAF-ORAL/standard MATH-EA/SPECIFIQUES PHI/standard EDS-PC/NT EDS-SVT/NT EDS-SES/NT GO/standard TC-HG/ETENDUE TC-EMC/ETENDUE FR-POS/standard FR-POS-ORAL/standard,11,13,765,83,audit-fixtures/combinaisons/Premiere-et-Terminale/P3_PC-SVT-SES_EAF-ecrit-et-oral.zip,,oui
P3_PC-SVT-SES_EAF-ecrit-et-oral_FR-MAI-requis,Premiere-et-Terminale,P3,PC+SVT+SES,EAF-ecrit-et-oral,QP/standard MET/standard TC-ES/ETENDUE FR-EAF/standard FR-EAF-ORAL/standard FR-MAI/standard MATH-EA/SPECIFIQUES PHI/standard EDS-PC/NT EDS-SVT/NT EDS-SES/NT GO/standard TC-HG/ETENDUE TC-EMC/ETENDUE FR-POS/standard FR-POS-ORAL/standard,12,14,825,90,audit-fixtures/combinaisons/Premiere-et-Terminale/P3_PC-SVT-SES_EAF-ecrit-et-oral_FR-MAI-requis.zip,,oui
P3_PC-SVT-HGGSP_EAF-ecrit-et-oral,Premiere-et-Terminale,P3,PC+SVT+HGGSP,EAF-ecrit-et-oral,QP/standard MET/standard TC-ES/ETENDUE FR-EAF/standard FR-EAF-ORAL/standard MATH-EA/SPECIFIQUES PHI/standard EDS-PC/NT EDS-SVT/NT EDS-HGGSP/NT GO/standard TC-HG/ETENDUE TC-EMC/ETENDUE FR-POS/standard FR-POS-ORAL/standard,11,13,765,83,audit-fixtures/combinaisons/Premiere-et-Terminale/P3_PC-SVT-HGGSP_EAF-ecrit-et-oral.zip,,oui
P3_PC-SVT-HGGSP_EAF-ecrit-et-oral_FR-MAI-requis,Premiere-et-Terminale,P3,PC+SVT+HGGSP,EAF-ecrit-et-oral,QP/standard MET/standard TC-ES/ETENDUE FR-EAF/standard FR-EAF-ORAL/standard FR-MAI/standard MATH-EA/SPECIFIQUES PHI/standard EDS-PC/NT EDS-SVT/NT EDS-HGGSP/NT GO/standard TC-HG/ETENDUE TC-EMC/ETENDUE FR-POS/standard FR-POS-ORAL/standard,12,14,825,90,audit-fixtures/combinaisons/Premiere-et-Terminale/P3_PC-SVT-HGGSP_EAF-ecrit-et-oral_FR-MAI-requis.zip,,oui
P3_PC-SVT-HLP_EAF-ecrit-et-oral,Premiere-et-Terminale,P3,PC+SVT+HLP,EAF-ecrit-et-oral,QP/standard MET/standard TC-ES/ETENDUE FR-EAF/standard FR-EAF-ORAL/standard MATH-EA/SPECIFIQUES PHI/standard EDS-PC/NT EDS-SVT/NT EDS-HLP/NT GO/standard TC-HG/ETENDUE TC-EMC/ETENDUE FR-POS/standard FR-POS-ORAL/standard,11,13,765,83,audit-fixtures/combinaisons/Premiere-et-Terminale/P3_PC-SVT-HLP_EAF-ecrit-et-oral.zip,,oui
P3_PC-SVT-HLP_EAF-ecrit-et-oral_FR-MAI-requis,Premiere-et-Terminale,P3,PC+SVT+HLP,EAF-ecrit-et-oral,QP/standard MET/standard TC-ES/ETENDUE FR-EAF/standard FR-EAF-ORAL/standard FR-MAI/standard MATH-EA/SPECIFIQUES PHI/standard EDS-PC/NT EDS-SVT/NT EDS-HLP/NT GO/standard TC-HG/ETENDUE TC-EMC/ETENDUE FR-POS/standard FR-POS-ORAL/standard,12,14,825,90,audit-fixtures/combinaisons/Premiere-et-Terminale/P3_PC-SVT-HLP_EAF-ecrit-et-oral_FR-MAI-requis.zip,,oui
P3_PC-SES-HGGSP_EAF-ecrit-et-oral,Premiere-et-Terminale,P3,PC+SES+HGGSP,EAF-ecrit-et-oral,QP/standard MET/standard TC-ES/ETENDUE FR-EAF/standard FR-EAF-ORAL/standard MATH-EA/SPECIFIQUES PHI/standard EDS-PC/NT EDS-SES/NT EDS-HGGSP/NT GO/standard TC-HG/ETENDUE TC-EMC/ETENDUE FR-POS/standard FR-POS-ORAL/standard,11,13,765,81,audit-fixtures/combinaisons/Premiere-et-Terminale/P3_PC-SES-HGGSP_EAF-ecrit-et-oral.zip,,oui
P3_PC-SES-HGGSP_EAF-ecrit-et-oral_FR-MAI-requis,Premiere-et-Terminale,P3,PC+SES+HGGSP,EAF-ecrit-et-oral,QP/standard MET/standard TC-ES/ETENDUE FR-EAF/standard FR-EAF-ORAL/standard FR-MAI/standard MATH-EA/SPECIFIQUES PHI/standard EDS-PC/NT EDS-SES/NT EDS-HGGSP/NT GO/standard TC-HG/ETENDUE TC-EMC/ETENDUE FR-POS/standard FR-POS-ORAL/standard,12,14,825,88,audit-fixtures/combinaisons/Premiere-et-Terminale/P3_PC-SES-HGGSP_EAF-ecrit-et-oral_FR-MAI-requis.zip,,oui
P3_PC-SES-HLP_EAF-ecrit-et-oral,Premiere-et-Terminale,P3,PC+SES+HLP,EAF-ecrit-et-oral,QP/standard MET/standard TC-ES/ETENDUE FR-EAF/standard FR-EAF-ORAL/standard MATH-EA/SPECIFIQUES PHI/standard EDS-PC/NT EDS-SES/NT EDS-HLP/NT GO/standard TC-HG/ETENDUE TC-EMC/ETENDUE FR-POS/standard FR-POS-ORAL/standard,11,13,765,81,audit-fixtures/combinaisons/Premiere-et-Terminale/P3_PC-SES-HLP_EAF-ecrit-et-oral.zip,,oui
P3_PC-SES-HLP_EAF-ecrit-et-oral_FR-MAI-requis,Premiere-et-Terminale,P3,PC+SES+HLP,EAF-ecrit-et-oral,QP/standard MET/standard TC-ES/ETENDUE FR-EAF/standard FR-EAF-ORAL/standard FR-MAI/standard MATH-EA/SPECIFIQUES PHI/standard EDS-PC/NT EDS-SES/NT EDS-HLP/NT GO/standard TC-HG/ETENDUE TC-EMC/ETENDUE FR-POS/standard FR-POS-ORAL/standard,12,14,825,88,audit-fixtures/combinaisons/Premiere-et-Terminale/P3_PC-SES-HLP_EAF-ecrit-et-oral_FR-MAI-requis.zip,,oui
P3_PC-HGGSP-HLP_EAF-ecrit-et-oral,Premiere-et-Terminale,P3,PC+HGGSP+HLP,EAF-ecrit-et-oral,QP/standard MET/standard TC-ES/ETENDUE FR-EAF/standard FR-EAF-ORAL/standard MATH-EA/SPECIFIQUES PHI/standard EDS-PC/NT EDS-HGGSP/NT EDS-HLP/NT GO/standard TC-HG/ETENDUE TC-EMC/ETENDUE FR-POS/standard FR-POS-ORAL/standard,11,13,765,81,audit-fixtures/combinaisons/Premiere-et-Terminale/P3_PC-HGGSP-HLP_EAF-ecrit-et-oral.zip,,oui
P3_PC-HGGSP-HLP_EAF-ecrit-et-oral_FR-MAI-requis,Premiere-et-Terminale,P3,PC+HGGSP+HLP,EAF-ecrit-et-oral,QP/standard MET/standard TC-ES/ETENDUE FR-EAF/standard FR-EAF-ORAL/standard FR-MAI/standard MATH-EA/SPECIFIQUES PHI/standard EDS-PC/NT EDS-HGGSP/NT EDS-HLP/NT GO/standard TC-HG/ETENDUE TC-EMC/ETENDUE FR-POS/standard FR-POS-ORAL/standard,12,14,825,88,audit-fixtures/combinaisons/Premiere-et-Terminale/P3_PC-HGGSP-HLP_EAF-ecrit-et-oral_FR-MAI-requis.zip,,oui
P3_NSI-SVT-SES_EAF-ecrit-et-oral,Premiere-et-Terminale,P3,NSI+SVT+SES,EAF-ecrit-et-oral,QP/standard MET/standard TC-ES/ETENDUE FR-EAF/standard FR-EAF-ORAL/standard MATH-EA/SPECIFIQUES PHI/standard EDS-NSI/NT EDS-SVT/NT EDS-SES/NT GO/standard TC-HG/ETENDUE TC-EMC/ETENDUE FR-POS/standard FR-POS-ORAL/standard,11,13,765,83,audit-fixtures/combinaisons/Premiere-et-Terminale/P3_NSI-SVT-SES_EAF-ecrit-et-oral.zip,,oui
P3_NSI-SVT-SES_EAF-ecrit-et-oral_FR-MAI-requis,Premiere-et-Terminale,P3,NSI+SVT+SES,EAF-ecrit-et-oral,QP/standard MET/standard TC-ES/ETENDUE FR-EAF/standard FR-EAF-ORAL/standard FR-MAI/standard MATH-EA/SPECIFIQUES PHI/standard EDS-NSI/NT EDS-SVT/NT EDS-SES/NT GO/standard TC-HG/ETENDUE TC-EMC/ETENDUE FR-POS/standard FR-POS-ORAL/standard,12,14,825,90,audit-fixtures/combinaisons/Premiere-et-Terminale/P3_NSI-SVT-SES_EAF-ecrit-et-oral_FR-MAI-requis.zip,,oui
P3_NSI-SVT-HGGSP_EAF-ecrit-et-oral,Premiere-et-Terminale,P3,NSI+SVT+HGGSP,EAF-ecrit-et-oral,QP/standard MET/standard TC-ES/ETENDUE FR-EAF/standard FR-EAF-ORAL/standard MATH-EA/SPECIFIQUES PHI/standard EDS-NSI/NT EDS-SVT/NT EDS-HGGSP/NT GO/standard TC-HG/ETENDUE TC-EMC/ETENDUE FR-POS/standard FR-POS-ORAL/standard,11,13,765,83,audit-fixtures/combinaisons/Premiere-et-Terminale/P3_NSI-SVT-HGGSP_EAF-ecrit-et-oral.zip,,oui
P3_NSI-SVT-HGGSP_EAF-ecrit-et-oral_FR-MAI-requis,Premiere-et-Terminale,P3,NSI+SVT+HGGSP,EAF-ecrit-et-oral,QP/standard MET/standard TC-ES/ETENDUE FR-EAF/standard FR-EAF-ORAL/standard FR-MAI/standard MATH-EA/SPECIFIQUES PHI/standard EDS-NSI/NT EDS-SVT/NT EDS-HGGSP/NT GO/standard TC-HG/ETENDUE TC-EMC/ETENDUE FR-POS/standard FR-POS-ORAL/standard,12,14,825,90,audit-fixtures/combinaisons/Premiere-et-Terminale/P3_NSI-SVT-HGGSP_EAF-ecrit-et-oral_FR-MAI-requis.zip,,oui
P3_NSI-SVT-HLP_EAF-ecrit-et-oral,Premiere-et-Terminale,P3,NSI+SVT+HLP,EAF-ecrit-et-oral,QP/standard MET/standard TC-ES/ETENDUE FR-EAF/standard FR-EAF-ORAL/standard MATH-EA/SPECIFIQUES PHI/standard EDS-NSI/NT EDS-SVT/NT EDS-HLP/NT GO/standard TC-HG/ETENDUE TC-EMC/ETENDUE FR-POS/standard FR-POS-ORAL/standard,11,13,765,83,audit-fixtures/combinaisons/Premiere-et-Terminale/P3_NSI-SVT-HLP_EAF-ecrit-et-oral.zip,,oui
P3_NSI-SVT-HLP_EAF-ecrit-et-oral_FR-MAI-requis,Premiere-et-Terminale,P3,NSI+SVT+HLP,EAF-ecrit-et-oral,QP/standard MET/standard TC-ES/ETENDUE FR-EAF/standard FR-EAF-ORAL/standard FR-MAI/standard MATH-EA/SPECIFIQUES PHI/standard EDS-NSI/NT EDS-SVT/NT EDS-HLP/NT GO/standard TC-HG/ETENDUE TC-EMC/ETENDUE FR-POS/standard FR-POS-ORAL/standard,12,14,825,90,audit-fixtures/combinaisons/Premiere-et-Terminale/P3_NSI-SVT-HLP_EAF-ecrit-et-oral_FR-MAI-requis.zip,,oui
P3_NSI-SES-HGGSP_EAF-ecrit-et-oral,Premiere-et-Terminale,P3,NSI+SES+HGGSP,EAF-ecrit-et-oral,QP/standard MET/standard TC-ES/ETENDUE FR-EAF/standard FR-EAF-ORAL/standard MATH-EA/SPECIFIQUES PHI/standard EDS-NSI/NT EDS-SES/NT EDS-HGGSP/NT GO/standard TC-HG/ETENDUE TC-EMC/ETENDUE FR-POS/standard FR-POS-ORAL/standard,11,13,765,81,audit-fixtures/combinaisons/Premiere-et-Terminale/P3_NSI-SES-HGGSP_EAF-ecrit-et-oral.zip,,oui
P3_NSI-SES-HGGSP_EAF-ecrit-et-oral_FR-MAI-requis,Premiere-et-Terminale,P3,NSI+SES+HGGSP,EAF-ecrit-et-oral,QP/standard MET/standard TC-ES/ETENDUE FR-EAF/standard FR-EAF-ORAL/standard FR-MAI/standard MATH-EA/SPECIFIQUES PHI/standard EDS-NSI/NT EDS-SES/NT EDS-HGGSP/NT GO/standard TC-HG/ETENDUE TC-EMC/ETENDUE FR-POS/standard FR-POS-ORAL/standard,12,14,825,88,audit-fixtures/combinaisons/Premiere-et-Terminale/P3_NSI-SES-HGGSP_EAF-ecrit-et-oral_FR-MAI-requis.zip,,oui
P3_NSI-SES-HLP_EAF-ecrit-et-oral,Premiere-et-Terminale,P3,NSI+SES+HLP,EAF-ecrit-et-oral,QP/standard MET/standard TC-ES/ETENDUE FR-EAF/standard FR-EAF-ORAL/standard MATH-EA/SPECIFIQUES PHI/standard EDS-NSI/NT EDS-SES/NT EDS-HLP/NT GO/standard TC-HG/ETENDUE TC-EMC/ETENDUE FR-POS/standard FR-POS-ORAL/standard,11,13,765,81,audit-fixtures/combinaisons/Premiere-et-Terminale/P3_NSI-SES-HLP_EAF-ecrit-et-oral.zip,,oui
P3_NSI-SES-HLP_EAF-ecrit-et-oral_FR-MAI-requis,Premiere-et-Terminale,P3,NSI+SES+HLP,EAF-ecrit-et-oral,QP/standard MET/standard TC-ES/ETENDUE FR-EAF/standard FR-EAF-ORAL/standard FR-MAI/standard MATH-EA/SPECIFIQUES PHI/standard EDS-NSI/NT EDS-SES/NT EDS-HLP/NT GO/standard TC-HG/ETENDUE TC-EMC/ETENDUE FR-POS/standard FR-POS-ORAL/standard,12,14,825,88,audit-fixtures/combinaisons/Premiere-et-Terminale/P3_NSI-SES-HLP_EAF-ecrit-et-oral_FR-MAI-requis.zip,,oui
P3_NSI-HGGSP-HLP_EAF-ecrit-et-oral,Premiere-et-Terminale,P3,NSI+HGGSP+HLP,EAF-ecrit-et-oral,QP/standard MET/standard TC-ES/ETENDUE FR-EAF/standard FR-EAF-ORAL/standard MATH-EA/SPECIFIQUES PHI/standard EDS-NSI/NT EDS-HGGSP/NT EDS-HLP/NT GO/standard TC-HG/ETENDUE TC-EMC/ETENDUE FR-POS/standard FR-POS-ORAL/standard,11,13,765,81,audit-fixtures/combinaisons/Premiere-et-Terminale/P3_NSI-HGGSP-HLP_EAF-ecrit-et-oral.zip,,oui
P3_NSI-HGGSP-HLP_EAF-ecrit-et-oral_FR-MAI-requis,Premiere-et-Terminale,P3,NSI+HGGSP+HLP,EAF-ecrit-et-oral,QP/standard MET/standard TC-ES/ETENDUE FR-EAF/standard FR-EAF-ORAL/standard FR-MAI/standard MATH-EA/SPECIFIQUES PHI/standard EDS-NSI/NT EDS-HGGSP/NT EDS-HLP/NT GO/standard TC-HG/ETENDUE TC-EMC/ETENDUE FR-POS/standard FR-POS-ORAL/standard,12,14,825,88,audit-fixtures/combinaisons/Premiere-et-Terminale/P3_NSI-HGGSP-HLP_EAF-ecrit-et-oral_FR-MAI-requis.zip,,oui
P3_SVT-SES-HGGSP_EAF-ecrit-et-oral,Premiere-et-Terminale,P3,SVT+SES+HGGSP,EAF-ecrit-et-oral,QP/standard MET/standard TC-ES/ETENDUE FR-EAF/standard FR-EAF-ORAL/standard MATH-EA/SPECIFIQUES PHI/standard EDS-SVT/NT EDS-SES/NT EDS-HGGSP/NT GO/standard TC-HG/ETENDUE TC-EMC/ETENDUE FR-POS/standard FR-POS-ORAL/standard,11,13,765,83,audit-fixtures/combinaisons/Premiere-et-Terminale/P3_SVT-SES-HGGSP_EAF-ecrit-et-oral.zip,,oui
P3_SVT-SES-HGGSP_EAF-ecrit-et-oral_FR-MAI-requis,Premiere-et-Terminale,P3,SVT+SES+HGGSP,EAF-ecrit-et-oral,QP/standard MET/standard TC-ES/ETENDUE FR-EAF/standard FR-EAF-ORAL/standard FR-MAI/standard MATH-EA/SPECIFIQUES PHI/standard EDS-SVT/NT EDS-SES/NT EDS-HGGSP/NT GO/standard TC-HG/ETENDUE TC-EMC/ETENDUE FR-POS/standard FR-POS-ORAL/standard,12,14,825,90,audit-fixtures/combinaisons/Premiere-et-Terminale/P3_SVT-SES-HGGSP_EAF-ecrit-et-oral_FR-MAI-requis.zip,,oui
P3_SVT-SES-HLP_EAF-ecrit-et-oral,Premiere-et-Terminale,P3,SVT+SES+HLP,EAF-ecrit-et-oral,QP/standard MET/standard TC-ES/ETENDUE FR-EAF/standard FR-EAF-ORAL/standard MATH-EA/SPECIFIQUES PHI/standard EDS-SVT/NT EDS-SES/NT EDS-HLP/NT GO/standard TC-HG/ETENDUE TC-EMC/ETENDUE FR-POS/standard FR-POS-ORAL/standard,11,13,765,83,audit-fixtures/combinaisons/Premiere-et-Terminale/P3_SVT-SES-HLP_EAF-ecrit-et-oral.zip,,oui
P3_SVT-SES-HLP_EAF-ecrit-et-oral_FR-MAI-requis,Premiere-et-Terminale,P3,SVT+SES+HLP,EAF-ecrit-et-oral,QP/standard MET/standard TC-ES/ETENDUE FR-EAF/standard FR-EAF-ORAL/standard FR-MAI/standard MATH-EA/SPECIFIQUES PHI/standard EDS-SVT/NT EDS-SES/NT EDS-HLP/NT GO/standard TC-HG/ETENDUE TC-EMC/ETENDUE FR-POS/standard FR-POS-ORAL/standard,12,14,825,90,audit-fixtures/combinaisons/Premiere-et-Terminale/P3_SVT-SES-HLP_EAF-ecrit-et-oral_FR-MAI-requis.zip,,oui
P3_SVT-HGGSP-HLP_EAF-ecrit-et-oral,Premiere-et-Terminale,P3,SVT+HGGSP+HLP,EAF-ecrit-et-oral,QP/standard MET/standard TC-ES/ETENDUE FR-EAF/standard FR-EAF-ORAL/standard MATH-EA/SPECIFIQUES PHI/standard EDS-SVT/NT EDS-HGGSP/NT EDS-HLP/NT GO/standard TC-HG/ETENDUE TC-EMC/ETENDUE FR-POS/standard FR-POS-ORAL/standard,11,13,765,83,audit-fixtures/combinaisons/Premiere-et-Terminale/P3_SVT-HGGSP-HLP_EAF-ecrit-et-oral.zip,,oui
P3_SVT-HGGSP-HLP_EAF-ecrit-et-oral_FR-MAI-requis,Premiere-et-Terminale,P3,SVT+HGGSP+HLP,EAF-ecrit-et-oral,QP/standard MET/standard TC-ES/ETENDUE FR-EAF/standard FR-EAF-ORAL/standard FR-MAI/standard MATH-EA/SPECIFIQUES PHI/standard EDS-SVT/NT EDS-HGGSP/NT EDS-HLP/NT GO/standard TC-HG/ETENDUE TC-EMC/ETENDUE FR-POS/standard FR-POS-ORAL/standard,12,14,825,90,audit-fixtures/combinaisons/Premiere-et-Terminale/P3_SVT-HGGSP-HLP_EAF-ecrit-et-oral_FR-MAI-requis.zip,,oui
P3_SES-HGGSP-HLP_EAF-ecrit-et-oral,Premiere-et-Terminale,P3,SES+HGGSP+HLP,EAF-ecrit-et-oral,QP/standard MET/standard TC-ES/ETENDUE FR-EAF/standard FR-EAF-ORAL/standard MATH-EA/SPECIFIQUES PHI/standard EDS-SES/NT EDS-HGGSP/NT EDS-HLP/NT GO/standard TC-HG/ETENDUE TC-EMC/ETENDUE FR-POS/standard FR-POS-ORAL/standard,11,13,765,81,audit-fixtures/combinaisons/Premiere-et-Terminale/P3_SES-HGGSP-HLP_EAF-ecrit-et-oral.zip,,oui
P3_SES-HGGSP-HLP_EAF-ecrit-et-oral_FR-MAI-requis,Premiere-et-Terminale,P3,SES+HGGSP+HLP,EAF-ecrit-et-oral,QP/standard MET/standard TC-ES/ETENDUE FR-EAF/standard FR-EAF-ORAL/standard FR-MAI/standard MATH-EA/SPECIFIQUES PHI/standard EDS-SES/NT EDS-HGGSP/NT EDS-HLP/NT GO/standard TC-HG/ETENDUE TC-EMC/ETENDUE FR-POS/standard FR-POS-ORAL/standard,12,14,825,88,audit-fixtures/combinaisons/Premiere-et-Terminale/P3_SES-HGGSP-HLP_EAF-ecrit-et-oral_FR-MAI-requis.zip,,oui
